Tipo de Servicio que se ofrece: ,Años de operación:,¿Cómo te promocionas actualmente?,¿Cómo describes la función de promoción actualmente?,¿Cómo te das a conocer actualmente?,De esos medios: Elige 3 que realmente te traen clientes.,¿Usas alguna app o plataforma para promocionar tu servicio? ¿Cómo ha sido tu experiencia?,Cuéntame un poco sobre tu negocio o servicio. ¿Qué ofreces y a qué tipo de visitantes atiendes normalmente?,¿Cómo es un día normal para ti cuando tienes visitantes o clientes?,¿Hay temporadas donde tienes muchos visitantes y otras donde casi no llegan? ¿Cómo te afecta eso?,Estacionalidad_Categoria,¿Cuál dirías que es el principal problema que enfrentas para atraer más visitantes?,"¿Qué tan fácil o difícil te resulta usar herramientas digitales para promocionarte?
",¿Has tenido alguna mala experiencia con plataformas digitales o redes sociales? ¿Qué pasó?,"Menciona ¿Cuál consideras sería la principal dificultad?
",¿Qué te haría confiar en una plataforma turística del gobierno del estado?,¿Qué tan valioso sería para ti aparecer en una app oficial que recomiende tu servicio a los visitantes?,"Si esa app existiera, ¿qué debería ofrecerte para que realmente la usaras?",¿Qué tan valioso consideras sería aparecer en una app turística oficial?,¿Qué funciones te resultarían más útiles?,En una escal del 1 al 5; donde 1 es nada y 5 totalmente. ¿Qué tanto confiaría en una plataforma que es oficial y gratuita?,"¿Qué tan dispuesto estarías a mantener tu información actualizada (por ejemplo de horarios, precios, fotos)?",¿Qué te motivaría a seguir usando la plataforma en el tiempo?,"Si pudieras pedirle algo a una plataforma turística para apoyar tu negocio, ¿qué sería?
","En una frase, ¿qué esperas de una plataforma turística del estado?"
Artesanías y Comercio,Más de 10 años,Recomendación directa,Las plataformas digitales me ayudan,De boca a boca,"Redes sociales, De boca a boca, Ferias",No,Artesanías y el visitante es de un nivel medio,Sábados y domingos es más afluencia y vacaciones ,"Vacaciones,  fines de semana y cuando no hay afecta en las ventas en los ingresos ",Temporada Vacacional,Infraestructura y Acceso,Difícil / Complicado,Sin Malas Experiencias,Falta de conocimientos digitales,Que sea atractiva y segura,Muy valioso,"Seguridad, confianza, eficaz",Muy valioso,Recomendaciones a turistas,5.0,Muy dispuesto,Resultados Tangibles (Ventas/Ingresos),"Atracción, seguridad, confianza ",Que sea una herramienta de apoyo a los comerciantes
Artesanías y Comercio,Más de 10 años,Redes sociales,Las plataformas digitales me ayudan,Redes sociales,"Recomendaciones, Redes sociales, De boca a boca",No,"Artesanías de duentes, en diferentes presentaciones y el turistas es de diferentes niveles por la curiosidad de conocer más sobre duendes ","Darle una buena atención, explicar los significados, dar un buen servicio al cliente","Sábados y domingos, vacaciones de semana santa y diciembre, cuando no hay visitantes baja la venta y afecta un poco la economía ",Temporada Vacacional,Infraestructura y Acceso,Difícil / Complicado,Sin Malas Experiencias,Falta de visibilidad,"Que sea atractiva y tenga más publicidad, atraer más clientes",Muy valioso,"Seguridad, confianza, innovación ",Muy valioso,Recomendaciones a turistas,5.0,Muy dispuesto,Resultados Tangibles (Ventas/Ingresos),"Que sea seccionado qué tenga el apartado de duendearte para recomendar el lugar, proyectar imágenes del ligar","Que sea confiable, innovador y crear seguridad al turista"
Artesanías y Comercio,4–10 años,Recomendación directa,Me cuesta trabajo atraer visitantes,Recomendaciones,"Recomendaciones, Ferias, De boca a boca",No,Artesanías de ropa bordada,Hay buena venta en temporada de vacaciones ,No hay ventas,Impacto Económico / Baja Afluencia,Infraestructura y Acceso,Difícil / Complicado,Sin Malas Experiencias,Falta de conocimientos digitales,"Que sea segura, confiable ",Muy valioso,"Innovación, credibilidad ",Muy valioso,Contacto directo con turistas,5.0,Muy dispuesto,Confianza y Respaldo Institucional,"Que muestre mis productos,  que se reflejan mis ventas, que si atraiga turistas ",Que sea una herramienta funcional y atractiva 
Alimentos y Bebidas,Más de 10 años,Plataformas digitales,Las plataformas digitales me ayudan,Plataformas,"Redes sociales, De boca a boca, Recomendaciones",Sí,Restaurante y hotel y atienden a turistas ,Bueno,Si. Me afecta en los ingresos,Impacto Económico / Baja Afluencia,Otro Factor / No Especifica,Difícil / Complicado,Sin Malas Experiencias,Falta de visibilidad,Que sea confiable,Muy valioso,Fácil de usar y que de buena promoción ,Valioso,Recomendaciones a turistas,5.0,Dispuesto,Otros / Indeciso,Que sea confiable y efectiva,Que sea efectiva 
Otros Servicios,4–10 años,Recomendación directa,Las plataformas digitales me ayudan,Plataformas,"Redes sociales, Recomendaciones, De boca a boca",Sí,Servicios ,Venta moderada,Baja la venta ,Impacto Económico / Baja Afluencia,Otro Factor / No Especifica,Fácil / Accesible,Sin Malas Experiencias,Costos de publicidad,Si,Muy valioso,Ventas,Poco,Mayor visibilidad,5.0,Neutral,Resultados Tangibles (Ventas/Ingresos),Aumentar ventas ,Promocionar el comercio local 
Artesanías y Comercio,Más de 10 años,Recomendación directa,No siempre veo resultados claros,De boca a boca,De boca a boca,No,Artesanias y atiendo a extranjeros y locales,"Buenos, en las ventas ya que se incrementan","Efectivamente, se ve en la disminucion o incremento en las ventas",Impacto Económico / Baja Afluencia,Infraestructura y Acceso,Difícil / Complicado,Sin Malas Experiencias,Falta de tiempo,Que la información  proporcionada sea del lugar turístico,Valioso,Que diera ubicaciones exactas y que estuviera actualizada constantemente ,Valioso,Recomendaciones a turistas,4.0,Dispuesto,Otros / Indeciso,Eficacia,Que sea confiable y fácil de entender por los visitantes 
Artesanías y Comercio,Más de 10 años,Recomendación directa,No siempre veo resultados claros,De boca a boca,De boca a boca,No,Artesanías y papelería.  Atiendo a locales y turistas,Bueno,"Si, en la disminución  o incremento en las ventas ",Impacto Económico / Baja Afluencia,Falta de Publicidad / Visibilidad,Difícil / Complicado,Sin Malas Experiencias,Falta de conocimientos digitales,Que se fácil y accesible de manejar ,Valioso,Que sea segura y de fácil manejo,Valioso,Recomendaciones a turistas,4.0,Dispuesto,Otros / Indeciso,Más  visibilidad y mayor alcance,Que sea segura y confiable
Artesanías y Comercio,Más de 10 años,Recomendación directa,No siempre veo resultados claros,De boca a boca,"De boca a boca, Recomendaciones, Redes sociales",No,Servicios de ínternety la mayor parte es a gente de la localidad,Bueno,"Si, en los períodos vacacionales de la Sep, nos afectan en los ingresos",Temporada Vacacional,Ninguno,Fácil / Accesible,Sin Malas Experiencias,Falta de tiempo,Que fuera confiable ,Muy valioso,Que tuviera muh buen rendimiento al ofrecer sus servicios,Muy valioso,Mayor visibilidad,5.0,Dispuesto,Resultados Tangibles (Ventas/Ingresos),Que generará publicidad de calidad,Que ofrezca buenos servicios
Artesanías y Comercio,Más de 10 años,No me promociono,No siempre veo resultados claros,De boca a boca,De boca a boca,No,Miscelanea y generalmente al turismo,Tranquilo ,"Si,y no tengo dinero para invertir",Impacto Económico / Baja Afluencia,Otro Factor / No Especifica,Fácil / Accesible,Sin Malas Experiencias,Falta de conocimientos digitales,Que sea seria y segura,Neutral,La seguridad de que sea real,Neutral,Recomendaciones a turistas,5.0,Neutral,Resultados Tangibles (Ventas/Ingresos),Que fuera confiable ,Confiabilidad
Hospedaje,1–3 años,Redes sociales,Me cuesta trabajo atraer visitantes,Redes sociales,"Redes sociales, Recomendaciones, Ferias",No,Pequeño motel y mis clientes mayormente son turistas,Atareado,En verano es cuando hay más clientes y en invierno casi no y me cuesta sacar la ganancia ,Variable / Otro,Otro Factor / No Especifica,Difícil / Complicado,Fraudes o Estafas,Costos de publicidad,La accesibilidad y la facilidad para promocionarse ,Muy valioso,Sin anuncios publicitarios que aparecen cada 5 segundos y sin cuentas de pago,Muy valioso,Perfil verificado,3.0,Neutral,Otros / Indeciso,Mayor tiempo para promocionarte sin costos adicionales ,Eficiencia
Artesanías y Comercio,Más de 10 años,Recomendación directa,No siempre veo resultados claros,Ferias,"Ferias, De boca a boca",Sí,Turistas ,Varea la asistencia de turismo ,Si,Variable / Otro,Otro Factor / No Especifica,Difícil / Complicado,Sin Malas Experiencias,Pocos clientes,Si,Muy valioso,Promoción ,Valioso,Mayor visibilidad,5.0,Muy dispuesto,Otros / Indeciso,Dar a conocer los productos y artesanías ,Beneficios para incrementar ventas 
Artesanías y Comercio,Más de 10 años,No me promociono,Mantener redes sociales es complicado,Ferias,"Recomendaciones, Ferias, De boca a boca",No,Vestidos para niños Dios,20 personas ,"Si, enero ",Variable / Otro,Otro Factor / No Especifica,Difícil / Complicado,Sin Malas Experiencias,Pocos clientes,Información en general ,Valioso,Promover mis productos ,Valioso,Mayor visibilidad,4.0,Muy dispuesto,Resultados Tangibles (Ventas/Ingresos),Promover mi mercancía ,Confianza y seguridad 
Artesanías y Comercio,4–10 años,No me promociono,Me cuesta trabajo atraer visitantes,Otro: Con publicidad que toman en el local,"[""Redes sociales"", ""Ferias"", ""other""] (otro: Publicidad)",No,"Perfumes, duendes, vasos taquilleras, portaretratos","Los turistas acuden con más frecuencia a espacios de diversión, la cabecera es más visitada para ingerir alimentos, hay gente, pero poca es la que compra.","En baja temporada hay muy poca afluenc8a de visitantes, entre semana no hay ventas, los fines poca venta.",Temporada Vacacional,Infraestructura y Acceso,Fácil / Accesible,Malas Reseñas / Gestión de Reputación,Falta de conocimientos digitales,Sería una plataforma oficial en forma permanente,Valioso,"Ver el tipo de mercancía que ofrecen, como llegar al lugar, carreteras, costos. ",Valioso,Recomendaciones a turistas,5.0,Dispuesto,Resultados Tangibles (Ventas/Ingresos),"Promocionar los productos que ellos mismos elaboran, como tasa mágicas, playeras estampadas e imán de madera","Que se refleje mayorafkuencia de turistas, aumentar sus ventas, ubicar el espacio. "
Hospedaje,Más de 10 años,Redes sociales,Las plataformas digitales me ayudan,Plataformas,"Redes sociales, Recomendaciones, Plataformas",Sí,"Hospedaje, ",Variable ,"Temporadas buenas, vacaciones ",Temporada Vacacional,Falta de Recursos / Inversión,Difícil / Complicado,Sin Malas Experiencias,Falta de visibilidad,Es confiable ,Valioso,Mis servicios ,Muy valioso,Estadísticas de visitas,5.0,Muy dispuesto,Resultados Tangibles (Ventas/Ingresos),Difusión ,Mayor promoción 
Artesanías y Comercio,1–3 años,Redes sociales,No siempre veo resultados claros,Redes sociales,"Redes sociales, Recomendaciones, De boca a boca",No,Ropa y básicamente clientela local,Un buen día de venta los lunes día de tianguis,"Días feriados les benefician, desventaja su ubicación. ",Temporada Vacacional,Otro Factor / No Especifica,Regular / Neutro,Sin Malas Experiencias,Falta de visibilidad,"Si se actualizará, permitir puntos de vista, que sea confiable, verificable",Muy valioso,"Alternativas de traslado al lugar, ubicación, ",Muy valioso,Contacto directo con turistas,4.0,Muy dispuesto,Resultados Tangibles (Ventas/Ingresos),Recomendaciones,Incrementar clientela.
Artesanías y Comercio,1–3 años,Redes sociales,No siempre veo resultados claros,Redes sociales,"Redes sociales, Recomendaciones, De boca a boca",No,"Artesanías, turistas",Ventas mejoran,Se refleja en las ventas,Impacto Económico / Baja Afluencia,Falta de Publicidad / Visibilidad,Regular / Neutro,Sin Malas Experiencias,Falta de conocimientos digitales,Información. Confiable,Muy valioso,"Productos, costos, ubicación, transporte",Muy valioso,Mayor visibilidad,4.0,Muy dispuesto,Resultados Tangibles (Ventas/Ingresos),"Ubicación, costos",Mejorar las ventas
Alimentos y Bebidas,Más de 10 años,No me promociono,No siempre veo resultados claros,Redes sociales,Recomendaciones,No,Botana y dulces,Los días sábados y domingos,La mejor en vaciones,Temporada Vacacional,Falta de Publicidad / Visibilidad,Difícil / Complicado,Sin Malas Experiencias,Pocos clientes,Mejor información ,Valioso,Productos que vendo,Neutral,Estadísticas de visitas,5.0,Neutral,Resultados Tangibles (Ventas/Ingresos),Difucion,Mejoría de visitas
Artesanías y Comercio,Más de 10 años,Redes sociales,Mantener redes sociales es complicado,Redes sociales,"Recomendaciones, De boca a boca, Redes sociales",Sí,"Artesanal a los clientes visitantes son de guerra y existen aveces ,,uchos problemas 0aara ofrece el producto ",Días  festivos es donde hay mayor venta,En el gasto familiar,Variable / Otro,Otro Factor / No Especifica,Difícil / Complicado,Sin Malas Experiencias,Falta de visibilidad,Que si sirva para lo que es,Muy valioso,"Mi se3vicio directo de ,miS productos",Nada valioso,Mayor visibilidad,3.0,Dispuesto,Otros / Indeciso,Promoción de los productos,Condianza y que se a legal
Artesanías y Comercio,Más de 10 años,No me promociono,Me cuesta trabajo atraer visitantes,Ferias,"Redes sociales, Recomendaciones, Ferias",Sí,Es un producto artesanal,Muy buena ,En  vacaciones ,Temporada Vacacional,Otro Factor / No Especifica,Difícil / Complicado,Sin Malas Experiencias,Falta de visibilidad,Que sea una Apple confiable,Muy valioso,Disponibilidad,Nada valioso,Mayor visibilidad,4.0,Muy dispuesto,Confianza y Respaldo Institucional,Claridad de difusión ,
Artesanías y Comercio,Más de 10 años,No me promociono,No siempre veo resultados claros,Recomendaciones,"Recomendaciones, Ferias, De boca a boca",No,Turismo nacional ,Domingos ,En los ingresos  y cobro de la entrada,Impacto Económico / Baja Afluencia,Infraestructura y Acceso,Difícil / Complicado,Sin Malas Experiencias,Falta de conocimientos digitales,Que sea confiable ,Valioso,Segura ,Valioso,Recomendaciones a turistas,5.0,Poco dispuesto,Otros / Indeciso,Mayor  difusión ,Confiable 
Artesanías y Comercio,Más de 10 años,No me promociono,Me cuesta trabajo atraer visitantes,Recomendaciones,"Recomendaciones, De boca a boca",No,Lo ofrecemos normalmente a turismo nacional el tipo de servicio que bueno y de artesanía que no trabajamos es diversa trabajamos en madera en piedra en tejidos este sería lo que trabajamos,Bueno sí es bueno,El impacto en la economía porque ya no se produce la misma cantidad producimos menos y ganamos menos,Impacto Económico / Baja Afluencia,Otro Factor / No Especifica,Difícil / Complicado,Sin Malas Experiencias,Falta de visibilidad,Pues lo primero sería que hubiera una verdadera promoción o una verdadera este difusión de nuestros productos y del municipio,Muy valioso,Confiabilidad y que realmente este hubiera la venta del producto,Muy valioso,Mayor visibilidad,5.0,Muy dispuesto,Otros / Indeciso,Pues sería si es apoyo elegir el equipamiento de mi taller que para que mis labores o mis artesanías puedan un poquito más rápido de su elaboración o con un poquito menos trabajo,
Artesanías y Comercio,Más de 10 años,No me promociono,No siempre veo resultados claros,De boca a boca,"Recomendaciones, Ferias, De boca a boca",No,Bueno aquí atendemos este estudiantes mexicanos extranjeros pero los que en realidad vienen a comprar son los estudiantes y los nacionales casi el extranjero no no nos compra infección por el,Bueno si tenemos buenas ventas ahí ya es donde se ve que hay buenas ventas,Bueno nos afecta Porque no tenemos ventas hay muy poco turismo aquí en tul .,Impacto Económico / Baja Afluencia,Infraestructura y Acceso,Difícil / Complicado,Sin Malas Experiencias,Falta de visibilidad,Bueno pues que realmente funcione y que realmente le hagan promoción a los artesanos inmediato y atender,Muy valioso,Inseguridad primero que nada y que haya buena organización para tener ventas Y qué es lo principal como que entró en la,Muy valioso,Mayor visibilidad,5.0,Muy dispuesto,Otros / Indeciso,Sí que haya buenas promociones y que en ferias y en lugares turísticos se pronuncian las artesanías de aquí de tula,
Actividades y Experiencias,Más de 10 años,No me promociono,Me cuesta trabajo atraer visitantes,Recomendaciones,De boca a boca,Sí,Servicios de transporte ,Mayor asistencia de turismo ,Si,Variable / Otro,Otro Factor / No Especifica,Difícil / Complicado,Sin Malas Experiencias,Pocos clientes,Su proyección ,Muy valioso,Mayor difusión ,Nada valioso,Contacto directo con turistas,5.0,Muy dispuesto,Resultados Tangibles (Ventas/Ingresos),"Mayor difusión turista,",Seguridad y confianza 
Artesanías y Comercio,Más de 10 años,Plataformas digitales,Las plataformas digitales me ayudan,Plataformas,"Redes sociales, Ferias, Recomendaciones",Sí,Artesanías y varios productos ,Sábados y domingos ,Si,Variable / Otro,Otro Factor / No Especifica,Fácil / Accesible,Sin Malas Experiencias,Falta de visibilidad,"Es seria, si ayuda ",Muy valioso,Promover los productos ,Valioso,Recomendaciones a turistas,5.0,Muy dispuesto,Resultados Tangibles (Ventas/Ingresos),Promoción ,Seguridad y promoción de las artesanías del estado de hidalgo 
Alimentos y Bebidas,Más de 10 años,Recomendación directa,Las plataformas digitales me ayudan,Plataformas,"Redes sociales, Recomendaciones, Plataformas",Sí,Turistas ,Satisfactorio ,Bajan las ventas ,Impacto Económico / Baja Afluencia,Otro Factor / No Especifica,Fácil / Accesible,Sin Malas Experiencias,Pocos clientes,La promoción y seriedad ,Muy valioso,Promover mis productos ,Muy valioso,Recomendaciones a turistas,5.0,Muy dispuesto,Resultados Tangibles (Ventas/Ingresos),Difusión ,Beneficios en mi economía 
Hospedaje,4–10 años,Recomendación directa,Las plataformas digitales me ayudan,Ferias,"Redes sociales, Plataformas, Ferias",Sí,Turismo ,Alta en días de vacaciones ,Si,Variable / Otro,Otro Factor / No Especifica,Difícil / Complicado,Sin Malas Experiencias,Costos de publicidad,Si,Valioso,Mis servicios ,Valioso,Mayor visibilidad,5.0,Dispuesto,Resultados Tangibles (Ventas/Ingresos),Mayor difusión ,Promoción mayor VISITA 
Artesanías y Comercio,1–3 años,Recomendación directa,Me cuesta trabajo atraer visitantes,Recomendaciones,"Recomendaciones, Ferias, De boca a boca",No,Dulces artesanal ,1000,Aveces ,Variable / Otro,Infraestructura y Acceso,Difícil / Complicado,Sin Malas Experiencias,Falta de tiempo,Atractivo de turistas,Valioso,Confiabilidad ,Muy valioso,Recomendaciones a turistas,3.0,Dispuesto,Mayor Visibilidad y Promoción,Confiabilidad,Compromiso y ayuda a que haya más turismo 
Alimentos y Bebidas,Más de 10 años,Redes sociales,No siempre veo resultados claros,Redes sociales,"Redes sociales, Recomendaciones, De boca a boca",Sí,Turistas,Cansado,Después de verano y en día de muertos,Variable / Otro,Infraestructura y Acceso,Fácil / Accesible,Sin Malas Experiencias,Falta de conocimientos digitales,Más ventas ,Neutral,Ganacias,Neutral,Contacto directo con turistas,3.0,Neutral,Resultados Tangibles (Ventas/Ingresos),Promocion,Apoyo
Artesanías y Comercio,4–10 años,Redes sociales,Las plataformas digitales me ayudan,De boca a boca,"Redes sociales, Plataformas, De boca a boca",Sí,Turistas ,Con trabajo,En los regresos de clases,Variable / Otro,Infraestructura y Acceso,Difícil / Complicado,Sin Malas Experiencias,Falta de visibilidad,Que sea confiable y que ayude a la promocion ,Valioso,Mayor promoción ,Valioso,Recomendaciones a turistas,4.0,Dispuesto,Resultados Tangibles (Ventas/Ingresos),Que me promocionaron más ,Confiable y que sea productiva a los locatarios
Artesanías y Comercio,Más de 10 años,No me promociono,Mantener redes sociales es complicado,Otro: Por visitas de turistas,"De boca a boca, Redes sociales, Recomendaciones",No,Turistas ,Con mucho trabajo,Vacaciones de veran,Temporada Vacacional,Infraestructura y Acceso,Difícil / Complicado,Sin Malas Experiencias,Falta de tiempo,Confiablen y comprometida y se le de seguimiento ,Valioso,Garantia,Valioso,Contacto directo con turistas,4.0,Dispuesto,Resultados Tangibles (Ventas/Ingresos),Mayor promocion,Mayor  trabajo
Artesanías y Comercio,4–10 años,No me promociono,No siempre veo resultados claros,De boca a boca,"Recomendaciones, Plataformas",Sí,Que buscan medicamentos ,Bien,En vacaciones ,Temporada Vacacional,Otro Factor / No Especifica,Fácil / Accesible,Sin Malas Experiencias,Falta de conocimientos digitales,Que muestre los resultados reales,Valioso,Que se muestre,Valioso,Estadísticas de visitas,5.0,Neutral,Otros / Indeciso,La ubicación ,Que me promocione
Hospedaje,4–10 años,Recomendación directa,Las plataformas digitales me ayudan,De boca a boca,"Recomendaciones, Ferias, De boca a boca",No,Turistas ,Tranquilo,En vacaciones y normal en los otros dias,Temporada Vacacional,Otro Factor / No Especifica,Fácil / Accesible,Fraudes o Estafas,Falta de visibilidad,Que funcione y sea confiable,Neutral,Recomendaciones,Neutral,Mayor visibilidad,5.0,Neutral,Aprendizaje y Capacitación,Que sea gratis,Que sea confiable y este al dia
Actividades y Experiencias,Más de 10 años,Redes sociales,No siempre veo resultados claros,Recomendaciones,"Redes sociales, Recomendaciones, De boca a boca",No,"Contamos con servicio de temazcal donde primero recibirás un agradable y aromático baño de barro, que te dejará una sensación de limpieza no solamente física sino espiritual, los enjuagamos con infusiones de plantitas medicinales y aromáticas recién cortadas que te inundan en sensaciones de cobijo como si fuera un apapacho de la medicina de la madre tierra, y para que no se nos enfríen los invitamos a pasar al fueguito, donde están las abuelitas calentándose, las abuelitas son las rocas volcánicas, después los pasamos al área de sahumacion donde realizamos la ceremonia prehispánica y realizamos una limpia con copal y toque de atecocolli, y nos llenamos de energía con el cuarzo...proseguimos con el sagrado baño de temazcal de 4 puertas con diferentes infusiones y dinámicas dentro del temazcal.   En el masaje terapéutico lo realizamos de pies a cabeza, alineamos el sistema nervioso, descontracturan os relajamos los músculos y alineamos el sistema óseo con aromaterapia y musicoterapia, también contamos con servicio de alimentos todos nuestros alimentos son frescos del día ,queso de rancho, tortillas de comal, agua de frutas frscas","Es un día lleno de vida, y de agradecimiento por permitirnos ayudar a las personas que lo necesitan y terminamos exhaustos pero contentos por los comentarios de los visitantes que nos indican que realmente rebasamos sus expectativas del servicio y se van muy agradecidos.",Económicamente ,Variable / Otro,Infraestructura y Acceso,Difícil / Complicado,Fraudes o Estafas,Falta de visibilidad,Resultados más clientes y más citas.,Muy valioso,Facilidad y claridad seguridad.,Muy valioso,Recomendaciones a turistas,4.0,Dispuesto,Resultados Tangibles (Ventas/Ingresos),Que desde que bajan del avión los redireccione y recomienden con nosotros.,300%incremento de ventas.
Artesanías y Comercio,Más de 10 años,No me promociono,Las plataformas digitales me ayudan,Recomendaciones,"Redes sociales, Plataformas, De boca a boca",No,Puras figuras de barro y demás artesanías como llaveros pulseras dije,Este puede ser un poco tranquilo porque ahorita en su momento no ha llegado mucho mucho turismo Y entonces ahí fallando uno más o menos en tiempos,Las temporadas altas es cuando hay un poco más de gente y es donde se puede obtener algún poquito más pero no siempre ahorita la la economía y el como están las empresas no no no no y cuando no hay tu ritmo Pues sí no se afecta no sé hay que estar al día al día para poder sacar algo7,Impacto Económico / Baja Afluencia,Infraestructura y Acceso,Difícil / Complicado,Sin Malas Experiencias,Falta de visibilidad,No pues este eso es lo que les enseñaré a que se proporcionara más el turismo para poder tener este más que nada aquí visitar mucho o sea la zona arqueológica no que es lo un algo histórico o algo de los antepasados no de a que vengan a conocer todo eso no todo toda la cultura,Muy valioso,Nada más sería la si se usara eso nada más sería algún beneficio es lo mismo pues repetitivamente que la que haya más promoción a la zona no a la zona turística que estuvo la y nada más Tula porque pues hay varios lugares también pero aquí en Tula sigue que se hiciera más este promociones en ese sentido de visitar,Neutral,Mayor visibilidad,4.0,Muy dispuesto,Otros / Indeciso,Confianza,
Artesanías y Comercio,Más de 10 años,No me promociono,Me cuesta trabajo atraer visitantes,Recomendaciones,"Recomendaciones, De boca a boca, Redes sociales",No,Artesanías y turismo  nacional ,Tranquilo ,"Si, pocos  ingresos ",Impacto Económico / Baja Afluencia,Falta de Publicidad / Visibilidad,Difícil / Complicado,Sin Malas Experiencias,Falta de visibilidad,Que aumente  la publicidad ,Valioso,Confiable ,Valioso,Mayor visibilidad,3.0,Neutral,Resultados Tangibles (Ventas/Ingresos),Difusión  amplia ,Confiable 
Artesanías y Comercio,Más de 10 años,No me promociono,No siempre veo resultados claros,Ferias,"Recomendaciones, Ferias, De boca a boca",No,Artesanías y poco extranjero ,Pocas ventas ,Si afecta ,Impacto Económico / Baja Afluencia,Otro Factor / No Especifica,Difícil / Complicado,Sin Malas Experiencias,Pocos clientes,Que  sea segura ,Valioso,Capacitación ,Valioso,Recomendaciones a turistas,4.0,Dispuesto,Resultados Tangibles (Ventas/Ingresos),Difusión ,Aumentar  ventas 
Artesanías y Comercio,Más de 10 años,No me promociono,Me cuesta trabajo atraer visitantes,Ferias,"Recomendaciones, Ferias, De boca a boca",No,Visitante y extranjero ,Pocas ventas ,En los ingresos ,Impacto Económico / Baja Afluencia,Otro Factor / No Especifica,Difícil / Complicado,Sin Malas Experiencias,Pocos clientes,La seguridad ,Neutral,Seguridad  y capacitación ,Neutral,Mayor visibilidad,3.0,Dispuesto,Resultados Tangibles (Ventas/Ingresos),Mayor  difusión,Confiabilidad 
Artesanías y Comercio,Más de 10 años,No me promociono,No siempre veo resultados claros,Recomendaciones,"Recomendaciones, De boca a boca, Ferias",No,Nacional y extranjero,Sábado  y domingo ,En los ingresos ,Impacto Económico / Baja Afluencia,Otro Factor / No Especifica,Difícil / Complicado,Sin Malas Experiencias,Falta de visibilidad,Que  sea segura ,Valioso,Sencilla ,Neutral,Mayor visibilidad,4.0,Dispuesto,Resultados Tangibles (Ventas/Ingresos),Mayor  difusión ,Confiable 
Artesanías y Comercio,4–10 años,Recomendación directa,No siempre veo resultados claros,Ferias,"Recomendaciones, De boca a boca",No,Nacional ,Aumentan ventas ,En los ingresos ,Impacto Económico / Baja Afluencia,Otro Factor / No Especifica,Difícil / Complicado,Sin Malas Experiencias,Falta de visibilidad,Que sea segura ,Valioso,Difusión ,Valioso,Recomendaciones a turistas,5.0,Dispuesto,Resultados Tangibles (Ventas/Ingresos),Mayor  difusión ,Mayor  difusión 
Artesanías y Comercio,Más de 10 años,Recomendación directa,Me cuesta trabajo atraer visitantes,Recomendaciones,"Recomendaciones, De boca a boca, Ferias",No,Nacional ,Domingo ,21 de marzo y semana santa ,Temporada Vacacional,Otro Factor / No Especifica,Difícil / Complicado,Sin Malas Experiencias,Pocos clientes,Seguridad ,Valioso,Seguridad ,Valioso,Contacto directo con turistas,4.0,Dispuesto,Resultados Tangibles (Ventas/Ingresos),Difusión ,Confiable 
Hospedaje,4–10 años,Redes sociales,No siempre veo resultados claros,Redes sociales,"Recomendaciones, Redes sociales, De boca a boca",Sí,De todo,"Muy movido, pero satisfactorio",E. La economía ,Impacto Económico / Baja Afluencia,Otro Factor / No Especifica,Difícil / Complicado,Sin Malas Experiencias,Falta de conocimientos digitales,Quesería para promocionar y se vean resultados ,Valioso,Resultados ,Valioso,Recomendaciones a turistas,3.0,Dispuesto,Resultados Tangibles (Ventas/Ingresos),Que promocione mi negocio ,Que se vea reflejado el apoyo a mi negocio
Actividades y Experiencias,Más de 10 años,Redes sociales,Las plataformas digitales me ayudan,Redes sociales,"Redes sociales, Recomendaciones, De boca a boca",Sí,Recorridos turísticos y noche de leyendas,"Activo, ventas altas",Se vende poco,Impacto Económico / Baja Afluencia,Infraestructura y Acceso,Difícil / Complicado,Sin Malas Experiencias,Falta de tiempo,Experiencia fácil del usuario ,Valioso,Ser de fácil uso y que la use el turista para conectar con la marca,Valioso,Contacto directo con turistas,4.0,Muy dispuesto,Resultados Tangibles (Ventas/Ingresos),Que busque que sea atractiva para el turista,Eficiente
Actividades y Experiencias,Más de 10 años,Redes sociales,Las plataformas digitales me ayudan,Redes sociales,"Redes sociales, Recomendaciones, Plataformas",Sí,"Turismo de aventura , turistas nacionales e internacionales ",Tranquilo entresemanamovido fines de semana y días festivos,No afecta normalmente hay clientes ,Impacto Económico / Baja Afluencia,Otro Factor / No Especifica,Fácil / Accesible,Sin Malas Experiencias,Costos de publicidad,"Facilidad, heramientas que proporcionen, actualiaza y sin costo, ",Muy valioso,"El costo, el alcance y la magnitud de difusión ",Valioso,Perfil verificado,5.0,Muy dispuesto,Resultados Tangibles (Ventas/Ingresos),Que el resultado de promocionarme en la plataforma se refleje en mi economía ,Mayores ganancia e incremento de clientes 
Hospedaje,4–10 años,Recomendación directa,Las plataformas digitales me ayudan,Redes sociales,"Redes sociales, Recomendaciones, De boca a boca",Sí,Hospedaje de cabañas y recorridos a centros turisticos,Muy movido por tener que visitar los centros turísticos que quiera el cliente,"Bastante, pasando vacaciones baja el número de visitantes",Temporada Vacacional,Infraestructura y Acceso,Fácil / Accesible,Sin Malas Experiencias,Falta de conocimientos digitales,Saber bien como funciona la plataforma ,Valioso,Información completa del pueblo y de las actividades que hay,Valioso,Contacto directo con turistas,3.0,Dispuesto,Otros / Indeciso,Que recomienden a todos de igual manera,Igualdad
Alimentos y Bebidas,4–10 años,Recomendación directa,Las plataformas digitales me ayudan,Redes sociales,"Redes sociales, Recomendaciones, De boca a boca",No,Comida y bebida ,Abordo al cliente y le ofreces el servicio,En la economía ,Impacto Económico / Baja Afluencia,Otro Factor / No Especifica,Fácil / Accesible,Malas Reseñas / Gestión de Reputación,Falta de tiempo,Que no sea costosa y que la información Sea real ,Valioso,Que promociones todo lo que ofrecemos y que este actualizada ,Valioso,Recomendaciones a turistas,5.0,Muy dispuesto,Otros / Indeciso,Buena informacio Y accesibilidad ,Que tenga u mayor alcance turístico
Artesanías y Comercio,Más de 10 años,No me promociono,No siempre veo resultados claros,Recomendaciones,"Recomendaciones, Plataformas, De boca a boca, Redes sociales",No,Artesanias,Ajetreado,En la economia,Impacto Económico / Baja Afluencia,Otro Factor / No Especifica,Difícil / Complicado,Sin Malas Experiencias,Falta de conocimientos digitales,La veracidad de la información ,Muy valioso,Accesibilidad ,Muy valioso,Recomendaciones a turistas,5.0,Muy dispuesto,Otros / Indeciso,Promoción ,Información. Actualizada
Alimentos y Bebidas,4–10 años,Redes sociales,Mantener redes sociales es complicado,Redes sociales,"Redes sociales, Plataformas, De boca a boca, Recomendaciones",Sí,Comida y bebidas,Ventas normales ,Principalm3nte en la economía ,Impacto Económico / Baja Afluencia,Otro Factor / No Especifica,Fácil / Accesible,Sin Malas Experiencias,Pocos clientes,Que se mantenga actualizada y que de resultados esperados,Valioso,Que se mantenga actualizado ,Valioso,Mayor visibilidad,5.0,Dispuesto,Aprendizaje y Capacitación,Que funcione,Que llamativa y accesible 
Alimentos y Bebidas,Más de 10 años,Redes sociales,Mantener redes sociales es complicado,Redes sociales,"Redes sociales, Recomendaciones, De boca a boca",No,Comida y bebidas ,Se llegan a agotar productos es ca saldo pero reconfortante,"Seechan a perder comidas, se reduce trabajadores y en la economía ",Impacto Económico / Baja Afluencia,Otro Factor / No Especifica,Fácil / Accesible,Sin Malas Experiencias,Falta de tiempo,Que sea segura ,Valioso,Que sea buena ,Valioso,Contacto directo con turistas,5.0,Dispuesto,Resultados Tangibles (Ventas/Ingresos),Que la actualicen y que me promocione,Que la promoción de resultados y que sea fácil de manejar 
Alimentos y Bebidas,Más de 10 años,No me promociono,Mantener redes sociales es complicado,Recomendaciones,"Recomendaciones, Ferias, De boca a boca",No,Locatarios y turistas venta de frutas yverduras,Sábado y domingo go es fuerte,Por cierre de carreteras esta muy floja la venta,Impacto Económico / Baja Afluencia,Infraestructura y Acceso,Difícil / Complicado,Sin Malas Experiencias,Falta de conocimientos digitales,Seguridad,Poco valioso,No la usaria,Poco,Recomendaciones a turistas,1.0,Poco dispuesto,Resultados Tangibles (Ventas/Ingresos),Que fuera permanentemente,Más clientes
Alimentos y Bebidas,1–3 años,Recomendación directa,Las plataformas digitales me ayudan,Recomendaciones,"Redes sociales, Recomendaciones, De boca a boca",No,Café y helados atienden en fines de semana más turistas y entre semana locatarios,Atareadocuando tienen más clientes es en vacaciones y puentes,Economia,Impacto Económico / Baja Afluencia,Infraestructura y Acceso,Fácil / Accesible,Fraudes o Estafas,Falta de tiempo,Seguridad y actualizada sin datos personales y que no cueste,Poco valioso,Seguridad,Valioso,Recomendaciones a turistas,4.0,Dispuesto,Resultados Tangibles (Ventas/Ingresos),Mucha imagen visual ,Innovacion
Alimentos y Bebidas,4–10 años,Recomendación directa,Las plataformas digitales me ayudan,Redes sociales,"Redes sociales, Plataformas, Ferias, De boca a boca",Sí,Turistas y locatarios,Pues poco complicado,Baja la economia,Impacto Económico / Baja Afluencia,Infraestructura y Acceso,Difícil / Complicado,Sin Malas Experiencias,Falta de conocimientos digitales,Las recomendaciones ,Valioso,Confiabilidad,Valioso,Recomendaciones a turistas,3.0,Neutral,Otros / Indeciso,Capacitaciones,Nada
Artesanías y Comercio,4–10 años,Recomendación directa,Mantener redes sociales es complicado,De boca a boca,"De boca a boca, Plataformas, Redes sociales",No,Locatarios,Normal,En época de regreso a clases,Variable / Otro,Falta de Publicidad / Visibilidad,Difícil / Complicado,Sin Malas Experiencias,Falta de conocimientos digitales,Conbilidad,Valioso,Capacitaones,Valioso,Recomendaciones a turistas,3.0,Muy dispuesto,Resultados Tangibles (Ventas/Ingresos),Capacitaciones,Ninguna
Alimentos y Bebidas,Menos de 1 año,Recomendación directa,Las plataformas digitales me ayudan,De boca a boca,"Redes sociales, De boca a boca, Recomendaciones",Sí,Alimentos  locatarios ,Ni tan tranquilo ni ajetreadovacaciones. As gente y afecta a la ganancia,Afecta ka economia,Impacto Económico / Baja Afluencia,Infraestructura y Acceso,Difícil / Complicado,Malas Reseñas / Gestión de Reputación,Falta de tiempo,Datos protegidos ,Valioso,Actualizaciones,Valioso,Recomendaciones a turistas,5.0,Dispuesto,Resultados Tangibles (Ventas/Ingresos),Resultados,Innovadora y  por secciones
Alimentos y Bebidas,Más de 10 años,Plataformas digitales,Las plataformas digitales me ayudan,Plataformas,"Plataformas, Ferias, Redes sociales",Sí,Turistas ,Arriba de 80 cliente ,"Económica, no salen para los gastos ",Variable / Otro,Infraestructura y Acceso,Fácil / Accesible,Sin Malas Experiencias,Pocos clientes,La credibilidad y el alcance en plataforma digitales ,Muy valioso,Promover  el giro gastronómico ,Muy valioso,Recomendaciones a turistas,5.0,Muy dispuesto,Resultados Tangibles (Ventas/Ingresos),Promoción de mi negocio ,Incrementar ventas 
Alimentos y Bebidas,Más de 10 años,Plataformas digitales,Las plataformas digitales me ayudan,Plataformas,"Redes sociales, Recomendaciones, Plataformas",Sí,Turismo ,"Bueno,  ayuda ala economía ",Bajan las ventas ,Impacto Económico / Baja Afluencia,Infraestructura y Acceso,Fácil / Accesible,Sin Malas Experiencias,Pocos clientes,La información verdadera y la promoción en sus plataformas digitales ,Muy valioso,Información actualizada y verdadera ,Muy valioso,Perfil verificado,5.0,Muy dispuesto,Resultados Tangibles (Ventas/Ingresos),Promoción y difusión digitales ,Mejorar mis ventas 
Artesanías y Comercio,Más de 10 años,Otro: De boca en boca,Me cuesta trabajo atraer visitantes,Recomendaciones,"De boca a boca, Recomendaciones, Redes sociales",No,"Venta de ropa artesanal, barro de huasca, Turismo del edo. De México, veracruz",Las ventas son regulares,"En las las vacaciones sube el turismo, y aumentan las ventas, afectan las carreteras la llega de turismo.",Temporada Vacacional,Infraestructura y Acceso,Difícil / Complicado,Sin Malas Experiencias,Falta de conocimientos digitales,Que sea real y confiable,Muy valioso,"Productos, ubicación del negocio, fotografías.",Valioso,Contacto directo con turistas,3.0,Dispuesto,Resultados Tangibles (Ventas/Ingresos),Visibilidad del negocio,"Sea cierta, que sea atractiva, que motive a visitar el lugar."
Alimentos y Bebidas,1–3 años,No me promociono,No siempre veo resultados claros,Redes sociales,"Redes sociales, De boca a boca, Recomendaciones",No,"Restaurante y bar familiar, mariscos mar y tierra, turismo de la cdmx y local","En puentes vacacionales hay mayor turismo, los fines de semana también, aumenta las ventas.","Faltan señalamientos para llegar al lugar, bajas ventas.",Impacto Económico / Baja Afluencia,Infraestructura y Acceso,Difícil / Complicado,Sin Malas Experiencias,Falta de conocimientos digitales,Que informe realmente las bondades y ventajas del lugar,Muy valioso,"Costos de productos, actividades, establecimiento, las truchas que son nutritivas, el proceso de cría de truchas.",Muy valioso,Contacto directo con turistas,5.0,Muy dispuesto,Resultados Tangibles (Ventas/Ingresos),"Datos del establecimiento, ubicación, promociones del negocio, celebración de posibles eventos.","Eficiente, recomendable, verídica."
Artesanías y Comercio,Menos de 1 año,No me promociono,Me cuesta trabajo atraer visitantes,De boca a boca,"De boca a boca, Recomendaciones, Redes sociales",No,Locales turistas no muchos,Tranquilo,En puentes en días normales poca afluencia,Temporada Vacacional,Otro Factor / No Especifica,Difícil / Complicado,Sin Malas Experiencias,Falta de tiempo,Puede ser buena pero requiere de capacitacion,Valioso,Seguridad,Valioso,Recomendaciones a turistas,4.0,Dispuesto,Resultados Tangibles (Ventas/Ingresos),Más visibilidad,Más visitantes
Artesanías y Comercio,Más de 10 años,No me promociono,Me cuesta trabajo atraer visitantes,De boca a boca,"Redes sociales, Recomendaciones, De boca a boca",No,Turistas y locales,Tranquilo,"Invierno o semana santa, hay más gente, enero febrero no hay mucha gente pocas ventas",Temporada Vacacional,Infraestructura y Acceso,Difícil / Complicado,Sin Malas Experiencias,Falta de conocimientos digitales,Seguridad ,Poco valioso,Seguridad,Neutral,Perfil verificado,3.0,Poco dispuesto,Resultados Tangibles (Ventas/Ingresos),Seguridad,Atracción de clientes
Hospedaje,4–10 años,Otro: Plataforma booking,Mantener redes sociales es complicado,Plataformas,"Redes sociales, De boca a boca",Sí,Hospedaje atienden turistas,Tranquilos emana sa ta y fin de año bastante gente y enero y febrero poca gente,Cuando cierra. Carreteras hay po a gente y si afecta,Impacto Económico / Baja Afluencia,Otro Factor / No Especifica,Difícil / Complicado,Sin Malas Experiencias,Falta de conocimientos digitales,Margen de costos y seguridad,Valioso,Si,Valioso,Recomendaciones a turistas,5.0,Muy dispuesto,Resultados Tangibles (Ventas/Ingresos),Resultados,Que sea confiable
Alimentos y Bebidas,4–10 años,Plataformas digitales,Las plataformas digitales me ayudan,Plataformas,De boca a boca,Sí,Alimentos y se atienden locales y ocasionalmente turistas,Depende evacuaciones si hay lleno,"Vacaciones mucha , enero poca",Temporada Vacacional,Infraestructura y Acceso,Difícil / Complicado,Sin Malas Experiencias,Falta de conocimientos digitales,Seguridad ,Valioso,Seguridad,Muy valioso,Perfil verificado,3.0,Dispuesto,Resultados Tangibles (Ventas/Ingresos),Seguridad,Innovadora
Alimentos y Bebidas,4–10 años,No me promociono,No siempre veo resultados claros,De boca a boca,"Recomendaciones, De boca a boca",No,,,,Sin Dato,Otro Factor / No Especifica,Difícil / Complicado,Sin Malas Experiencias,Falta de conocimientos digitales,Seguridad,Poco valioso,Segura y gratuita,Poco,Recomendaciones a turistas,4.0,Poco dispuesto,Resultados Tangibles (Ventas/Ingresos),Segura,Que sea buena
Artesanías y Comercio,1–3 años,No me promociono,Mantener redes sociales es complicado,Recomendaciones,"Recomendaciones, De boca a boca, Ferias",No,Artesania,Normal,A la economia,Impacto Económico / Baja Afluencia,Infraestructura y Acceso,Difícil / Complicado,Sin Malas Experiencias,Falta de conocimientos digitales,Segura,Poco valioso,Más clientes,Poco,Mayor visibilidad,4.0,Poco dispuesto,Resultados Tangibles (Ventas/Ingresos),Capacitacion,Que sea buena
Alimentos y Bebidas,4–10 años,Recomendación directa,Mantener redes sociales es complicado,De boca a boca,"Recomendaciones, De boca a boca, Plataformas",No,"Desayunos, comidas y servicio a la carta",Con mucho movimiento y estamos ocupados,Pues hay menos flujo de dinero,Impacto Económico / Baja Afluencia,Otro Factor / No Especifica,Fácil / Accesible,Fraudes o Estafas,Costos de publicidad,Que sea eficiente,Valioso,Que sea facil,Valioso,Mayor visibilidad,3.0,Dispuesto,Otros / Indeciso,Fácil de entender,
Artesanías y Comercio,1–3 años,No me promociono,Me cuesta trabajo atraer visitantes,De boca a boca,De boca a boca,No,Artesanías ,Poca gente,En vacaciones es la mejor temporada ,Temporada Vacacional,Otro Factor / No Especifica,Difícil / Complicado,Sin Malas Experiencias,Falta de conocimientos digitales,Que nos expliquen como se usa ,Valioso,Que sea de fácil entendimiento ,Valioso,Perfil verificado,5.0,Dispuesto,Resultados Tangibles (Ventas/Ingresos),Que nis den las herramientas necesarias para usarla,Eficiencia
Alimentos y Bebidas,4–10 años,Redes sociales,Las plataformas digitales me ayudan,Redes sociales,"Redes sociales, Recomendaciones, De boca a boca",No,Comida y bebida ,"Abordar al cliente,volanteo",Economía ,Impacto Económico / Baja Afluencia,Otro Factor / No Especifica,Fácil / Accesible,Malas Reseñas / Gestión de Reputación,Falta de visibilidad,Información real,Valioso,Resultados ,Valioso,Mayor visibilidad,5.0,Dispuesto,Resultados Tangibles (Ventas/Ingresos),Promoción ,Mayor visibilidad 
Alimentos y Bebidas,1–3 años,Otro: Volantes,Las plataformas digitales me ayudan,Redes sociales,"[""Redes sociales"", ""other""] (otro: Google maps y también instagram)",Sí,Comida ,Muy movido,En semana santa,Temporada Vacacional,Infraestructura y Acceso,Fácil / Accesible,Sin Malas Experiencias,Falta de visibilidad,Que describen las funciones y los beneficios ,Muy valioso,La aprobación del dueño ,Muy valioso,Contacto directo con turistas,5.0,Muy dispuesto,Resultados Tangibles (Ventas/Ingresos),Dejar poner reseñas,Que sea confiable
Hospedaje,Más de 10 años,No me promociono,No siempre veo resultados claros,De boca a boca,De boca a boca,No,Hospedaje y recibimos mochileros,Poca afluencia,En semana santa es más afluencia,Temporada Vacacional,Otro Factor / No Especifica,Difícil / Complicado,Otras Incidencias Técnicas,Falta de conocimientos digitales,Que de una capacitación fácilmente cómase usa,Muy valioso,Capacitación ,Muy valioso,Contacto directo con turistas,5.0,Muy dispuesto,Resultados Tangibles (Ventas/Ingresos),Seguridad ,Confiable 
Artesanías y Comercio,1–3 años,No me promociono,Las plataformas digitales me ayudan,Recomendaciones,"Redes sociales, De boca a boca",No,Artesanías solamente,Es tranquilo ,Vacaciones hay muchísimo turismo ,Temporada Vacacional,Otro Factor / No Especifica,Fácil / Accesible,Sin Malas Experiencias,Costos de publicidad,Que me den anuncios para promocionarme ,Muy valioso,"Lis anuncios, promociones ",Muy valioso,Recomendaciones a turistas,5.0,Muy dispuesto,Resultados Tangibles (Ventas/Ingresos),Que sea se fácil entendimiento ,"Agilidad, y buena imagen "
Alimentos y Bebidas,4–10 años,Recomendación directa,Las plataformas digitales me ayudan,Recomendaciones,"Recomendaciones, De boca a boca, Redes sociales",No,Menú a la carta ,Tranquilo,Si en vacaciones ,Temporada Vacacional,Otro Factor / No Especifica,Difícil / Complicado,Fraudes o Estafas,Falta de visibilidad,Seguridad,Neutral,Alomejor si,Neutral,Recomendaciones a turistas,4.0,Dispuesto,Resultados Tangibles (Ventas/Ingresos),Que sea segura,Rapidez y fácil entendimiento
Artesanías y Comercio,Más de 10 años,Recomendación directa,Me cuesta trabajo atraer visitantes,Recomendaciones,"Recomendaciones, De boca a boca, Ferias",No,Productos de piel,Se llega agotar el producto ,Economía ,Impacto Económico / Baja Afluencia,Infraestructura y Acceso,Difícil / Complicado,Sin Malas Experiencias,Falta de visibilidad,Que sea para todos los comerciantes,Valioso,Que sea practica,Neutral,Mayor visibilidad,5.0,Dispuesto,Resultados Tangibles (Ventas/Ingresos),Facilidad de promocionar los productos ,Más ventas
Alimentos y Bebidas,Más de 10 años,No me promociono,No siempre veo resultados claros,De boca a boca,Recomendaciones,No,La venta  de  bebidas hidratates,Tranquilo los días  de mayor frecuencia  somos los días Domingos,La venta es los Domingos  los demás días son de poca afluencia  de visitantes ,Fines de Semana,Infraestructura y Acceso,Difícil / Complicado,Sin Malas Experiencias,Pocos clientes,Que sea confiable y útil ,Valioso,Que sea fácil de manejar,Valioso,Recomendaciones a turistas,4.0,Dispuesto,Resultados Tangibles (Ventas/Ingresos),Que nos den  a conocer ,Confiable 
Alimentos y Bebidas,Más de 10 años,Recomendación directa,Me cuesta trabajo atraer visitantes,De boca a boca,De boca a boca,No,Comida y a locatarios ,Normal porque ya saben como son las ventas,Economía ,Impacto Económico / Baja Afluencia,Otro Factor / No Especifica,Difícil / Complicado,Sin Malas Experiencias,Falta de conocimientos digitales,Nada,Valioso,Que sea fácil de usar,Valioso,Mayor visibilidad,4.0,Dispuesto,Resultados Tangibles (Ventas/Ingresos),Visibilidad ,Más clientela 
Alimentos y Bebidas,Más de 10 años,No me promociono,Me cuesta trabajo atraer visitantes,De boca a boca,"De boca a boca, Recomendaciones",No,Pollo y locatarios,Movido,Economía ,Impacto Económico / Baja Afluencia,Infraestructura y Acceso,Difícil / Complicado,Sin Malas Experiencias,Falta de conocimientos digitales,No confiaría en una plataforma ,Nada valioso,"Nada , no la usuaria ",Nada valioso,Mayor visibilidad,1.0,Nada dispuesto,Otros / Indeciso,Nada porque mi venta es para locatarios,Nada 
Alimentos y Bebidas,4–10 años,Redes sociales,Mantener redes sociales es complicado,Redes sociales,"Redes sociales, Plataformas, De boca a boca",Sí,Barbacoa y pulque,Principal venta de barbacoa y no se agota,Económica ,Variable / Otro,Otro Factor / No Especifica,Fácil / Accesible,Sin Malas Experiencias,Falta de conocimientos digitales,Que este actualizada,Muy valioso,"Facilidad, accesibilidad y un retorno de información para saber siesta funcionando o no",Muy valioso,Contacto directo con turistas,5.0,Muy dispuesto,Mayor Visibilidad y Promoción,Fácil de operar ,Que sea llamativa 
Alimentos y Bebidas,1–3 años,Redes sociales,Mantener redes sociales es complicado,Redes sociales,"Redes sociales, De boca a boca",No,Restaurante,Se agotan algunos productos ,"Económicamente, reducir empleados ",Variable / Otro,Otro Factor / No Especifica,Difícil / Complicado,Sin Malas Experiencias,Falta de conocimientos digitales,Que otros prestadores la utilicen ,Muy valioso,Abierta al público ,Muy valioso,Recomendaciones a turistas,5.0,Muy dispuesto,Resultados Tangibles (Ventas/Ingresos),Buena promoción ,Que no tenga sobrecupo
Alimentos y Bebidas,4–10 años,Plataformas digitales,Las plataformas digitales me ayudan,Plataformas,"Redes sociales, Recomendaciones, Plataformas",Sí,Restaurante y bar asiste gente con dinero y son sufieciene,Ajetreado en vacaciones los demás días tranquilo,Vaciones ,Temporada Vacacional,Infraestructura y Acceso,Fácil / Accesible,Sin Malas Experiencias,Pocos clientes,Lasnrecomendaciones que allá y que este avalada,Muy valioso,Una norma imagen y buenas recomendaciones sin costo ,Muy valioso,Contacto directo con turistas,5.0,Muy dispuesto,Otros / Indeciso,Las recomendaciones ,Que valga la pena
Alimentos y Bebidas,4–10 años,No me promociono,Las plataformas digitales me ayudan,De boca a boca,Ferias,Sí,Comida,Normal,En vaciones,Temporada Vacacional,Infraestructura y Acceso,Difícil / Complicado,Sin Malas Experiencias,Falta de tiempo,Las recomendaciones ,Valioso,Que sirva,Muy valioso,Recomendaciones a turistas,5.0,Dispuesto,Aprendizaje y Capacitación,La seguridad ,Que funcione
Artesanías y Comercio,4–10 años,Recomendación directa,Mantener redes sociales es complicado,Recomendaciones,"Recomendaciones, Ferias, De boca a boca",No,Vendo artesanías y los visitantes son de una economía media,Si hay venta los fines de semana y vacaciones ,Si en vacaciones y  si no tengo ventas se refleja en la economía ,Temporada Vacacional,Infraestructura y Acceso,Fácil / Accesible,Sin Malas Experiencias,Costos de publicidad,Que sea atractiva y segura,Muy valioso,"Seguridad, confianza, atracción ",Muy valioso,Contacto directo con turistas,5.0,Muy dispuesto,Resultados Tangibles (Ventas/Ingresos),"Que sea innovador, que genere confianza ",Que sea herramienta para promocionar 
Artesanías y Comercio,Más de 10 años,Recomendación directa,Mantener redes sociales es complicado,Recomendaciones,"Recomendaciones, Ferias, De boca a boca",No,Artesanías de  barro y el visitante es de economía media,Los sábados y domingos es cuando hay ventas,"Sábados y domingos, días festivos, vacaciones y cuando no tengo venta afecta a la economía ",Temporada Vacacional,Infraestructura y Acceso,Difícil / Complicado,Sin Malas Experiencias,Falta de conocimientos digitales,"Qye sea seguro, que sea  atractiva para tener más mercados ",Muy valioso,"Seguridad, confianza al turista",Muy valioso,Recomendaciones a turistas,5.0,Muy dispuesto,Resultados Tangibles (Ventas/Ingresos),"Que fuera atractiva, que genere confianza, los precios justos","Que nos ayude a promocionar, que genere confianza al turista y vengan a comprar"
Artesanías y Comercio,Más de 10 años,Recomendación directa,Las plataformas digitales me ayudan,Recomendaciones,"Recomendaciones, Ferias, De boca a boca",No,Artesanías de cerámica ,"Hay buena venta, sábados y domingos y  vacaciones ",No hay venta no se genera,Impacto Económico / Baja Afluencia,Infraestructura y Acceso,Difícil / Complicado,Sin Malas Experiencias,Falta de conocimientos digitales,"Confianza, seguridad, innovación ",Muy valioso,Credibilidad ,Muy valioso,Contacto directo con turistas,5.0,Muy dispuesto,Confianza y Respaldo Institucional,"Seccionado, información actualizada ",Que sea una herramienta práctica para conocer lugares 
Artesanías y Comercio,1–3 años,Recomendación directa,No siempre veo resultados claros,De boca a boca,"De boca a boca, Ferias, Recomendaciones",No,Venta de artículos de limpieza ,Bueno,Si. En los ingresos,Impacto Económico / Baja Afluencia,Otro Factor / No Especifica,Difícil / Complicado,Sin Malas Experiencias,Falta de conocimientos digitales,Que fuera confiable y segura,Neutral,Que fuera segura y confiable,Valioso,Recomendaciones a turistas,4.0,Neutral,Otros / Indeciso,Seguridad,Que se vea su utilidad de mis ingresos
Artesanías y Comercio,1–3 años,Recomendación directa,Me cuesta trabajo atraer visitantes,Recomendaciones,"Recomendaciones, Plataformas, De boca a boca",No,"Artesanías, estampado de ropa, artesania en mdf",Hay venta regular,"Tramo cerrado de carretera de acceso por obra les afecta sus ventas, hay pocos turistas, así como carreteras en mal estado.",Impacto Económico / Baja Afluencia,Otro Factor / No Especifica,Regular / Neutro,Sin Malas Experiencias,Falta de visibilidad,"Que sea gratuita, sea actualizada, los prestadores de servicios puedan opinar, y los turistas expresar sus experiencias.",Valioso,"Promoción, productos en venta, ubicación, opciones de transporte, demás atractivos turísticos del mio.",Valioso,Contacto directo con turistas,3.0,Dispuesto,Resultados Tangibles (Ventas/Ingresos),"Promover eventos en diferentes fechas del año, como atractivo extra.",Mayor turismo y mejorar las ventas. 
Artesanías y Comercio,Más de 10 años,No me promociono,Las plataformas digitales me ayudan,De boca a boca,"De boca a boca, Recomendaciones",Sí,Lo que ofrecemos aquí en el puesto es ya tres años de barro artesanías de cartonería artesanías de mármol bisutería también y es cosas también por ejemplo naturales como algunas cosas secas bueno que obtenemos del cardón y creo que es todo,Un día normal bueno es venimos acomodamos nuestro puesto y luego ponemos ofrecemos a las personas que van pasando nuestros productos los invitamos a acercarse al puesto y le mostramos algunas cosas que se interesan y así es como como es nuestro día,Sí bueno en el caso de las bajas y altas temporadas en las bajas pues nos afectan obviamente en la cuestión de la venta de nuestra economía pero también utilizamos para para producir más cosas o también pues optamos por algunos otros trabajos no abrimos como tal diario aquí cuando son las temporadas bajas,Impacto Económico / Baja Afluencia,Infraestructura y Acceso,Difícil / Complicado,Malas Reseñas / Gestión de Reputación,Falta de visibilidad,Bueno sí creo que sería confiable en cuestión de que ya Ya que ellos pues difunde difundirían y atraerían más el turismo para la zona arqueológica ,Muy valioso,Yo creo que lo que debería a ofrecer es pues como un catálogo de de muchas cosas para para los días que para temporada alta creo que sí algo así,Valioso,Recomendaciones a turistas,4.0,Muy dispuesto,Aprendizaje y Capacitación,Yo creo que lo principal sería defunción difusión y contenido para para los turistas de que O sea que te puedan entrar algo que digan no sé es la sección de Tula y y pueda ofrecer como un catálogo de de lo que venden horarios y accesos y todo,
Artesanías y Comercio,Más de 10 años,Recomendación directa,No siempre veo resultados claros,De boca a boca,"De boca a boca, Ferias, Recomendaciones",No,En especial ahora sí que recomendamos lo que viene siendo la artesanía en barro lapidaria y ya una que ahora sí que las pulseras los anillos los aretes,Un día normal viene siendo fines de semana viernes sábado domingo que es un poquito de más afluencia y más cuando llega a la escuela ante,Pues sí nos afecta demasiado porque realmente por ejemplo si digamos que de toda la semana trabajamos bien bien dos días nos afecta demasiado ahora sí que la falta de la atracción al turistau,Temporada Vacacional,Falta de Recursos / Inversión,Difícil / Complicado,Fraudes o Estafas,Falta de visibilidad,Que media confiado en una plataforma que comprarías pues posiblemente A lo mejor que fueran las ventas así como que más seguras más directas basándonos a una plataforma de confianza,Muy valioso,Pues principalmente Yo creo que más que nada dar a conocer nuestro nuestra artesanía y que es que sí es mucho la la desconfianza que existe por precisamente por lo de la los fraudes que que existen Entonces si existiera una plataforma segura Pues yo digo que lo más recomendable sería como que algo que nos asegure la compra y venta,Nada valioso,Mayor visibilidad,5.0,Muy dispuesto,Resultados Tangibles (Ventas/Ingresos),,
Artesanías y Comercio,Más de 10 años,Recomendación directa,Me cuesta trabajo atraer visitantes,Ferias,"Ferias, De boca a boca, Recomendaciones",No,Artesanías y visitantes locales,Pocos ingresos ,En los ingresos ,Impacto Económico / Baja Afluencia,Ninguno,Difícil / Complicado,Sin Malas Experiencias,Falta de visibilidad,La seguridad ,Neutral,Mayor  difusión ,Valioso,Recomendaciones a turistas,5.0,Dispuesto,Mayor Visibilidad y Promoción,Difusión ,Aumentar  ventas 
Artesanías y Comercio,Más de 10 años,Plataformas digitales,Las plataformas digitales me ayudan,Ferias,"Redes sociales, Plataformas, Ferias",No,Artesanías  y turismo  local ,Tranquilo ,"Si, afecta  los  ingresos ",Impacto Económico / Baja Afluencia,Falta de Publicidad / Visibilidad,Difícil / Complicado,Sin Malas Experiencias,Pocos clientes,Seguridad ,Valioso,Que sea confiable ,Muy valioso,Mayor visibilidad,5.0,Dispuesto,Resultados Tangibles (Ventas/Ingresos),Apoyar  en la difusión  de los comerciantes seguridad ,Seguridad 
Alimentos y Bebidas,1–3 años,Plataformas digitales,Las plataformas digitales me ayudan,Recomendaciones,De boca a boca,Sí,Normalmente a los Locales,Cuando son vacaciones esta lleno,"En vacaciones si hay gente, en enero hay poco gente",Temporada Vacacional,Falta de Publicidad / Visibilidad,Difícil / Complicado,Sin Malas Experiencias,Falta de conocimientos digitales,Que sea segura,Valioso,Segura,Valioso,Perfil verificado,3.0,Dispuesto,Otros / Indeciso,Seguridad,Innovadora 
Artesanías y Comercio,4–10 años,No me promociono,No siempre veo resultados claros,De boca a boca,De boca a boca,No,Turistas fin de semana y locatarios entre semana,"Turistas,os en semana santa",Semana santa y vacaciones,Temporada Vacacional,Otro Factor / No Especifica,Difícil / Complicado,Sin Malas Experiencias,Falta de conocimientos digitales,Sus páginas promociones,Muy valioso,Que se vea que vendo y que de diferente ofrezco,Muy valioso,Mayor visibilidad,5.0,Dispuesto,Mayor Visibilidad y Promoción,Accesoria,Espero ventas
Artesanías y Comercio,4–10 años,No me promociono,No siempre veo resultados claros,Recomendaciones,"Recomendaciones, Redes sociales, De boca a boca",No,"Ropa, artesanías, novedades, atiende básicamente turistas y población del mpio.","Entre semana hay regular venta, pocos turistas ","Cuandono hay vacaciones escolares, puentes, hay muy poco turista y por consiguiente ocas ventas.",Temporada Vacacional,Infraestructura y Acceso,Difícil / Complicado,Fraudes o Estafas,Falta de conocimientos digitales,"Que sería algo oficial, y de confianza. ",Valioso,"Productos que ofrecen, costos reales, ubicación, num. Telefónicos, información siempre este disponible.",Valioso,Contacto directo con turistas,4.0,Dispuesto,Resultados Tangibles (Ventas/Ingresos),Manejar información verídica.,"Honestidad, responsabilidad, seguimiento y actualización real. "
Artesanías y Comercio,Más de 10 años,No me promociono,Me cuesta trabajo atraer visitantes,De boca a boca,"Redes sociales, Recomendaciones, De boca a boca",No,Mexicanos normalmente mexicanos,Pues visitantes puede haber unos 50 o 60 clientes unos cuatro cinco ahí es temporadas semana santa y nos afecta pues no tenemos casi para convivir para comer,,Sin Dato,Falta de Recursos / Inversión,Difícil / Complicado,Sin Malas Experiencias,Falta de conocimientos digitales,Nos da confianza,Muy valioso,Que nos capacitaran que nos enseñaran,Muy valioso,Contacto directo con turistas,4.0,Muy dispuesto,Otros / Indeciso,Para qué Pero para qué es para para vender para vender para Pues sí para vender más piezas cosas,Confianza
Alimentos y Bebidas,1–3 años,Recomendación directa,Mantener redes sociales es complicado,De boca a boca,"De boca a boca, Ferias, Redes sociales",No,Turistas y personas locales,Cuando se venden mil pesos,En verano las vacaciones y decembrinas,Temporada Vacacional,Infraestructura y Acceso,Difícil / Complicado,Sin Malas Experiencias,Falta de conocimientos digitales,Sea confiable ,Muy valioso,Confiabilidad ,Nada valioso,Perfil verificado,5.0,Muy dispuesto,Resultados Tangibles (Ventas/Ingresos),Recomendaciones,Que atraiga más turismo para derrama economica
Artesanías y Comercio,Más de 10 años,Redes sociales,Las plataformas digitales me ayudan,Redes sociales,"Redes sociales, Recomendaciones, De boca a boca",Sí,Turistas y locales,Con mucho trabajo ,Después de verano regresando a clases porque muchas personas tienen gastos por los niños,Variable / Otro,Infraestructura y Acceso,Difícil / Complicado,Sin Malas Experiencias,Falta de conocimientos digitales,Que brinden todas asesorías para promocionar más las artesanias,Muy valioso,Confiable,Muy valioso,Contacto directo con turistas,4.0,Dispuesto,Resultados Tangibles (Ventas/Ingresos),Más promocion de locatarios,Mayor promoción y confianza
Alimentos y Bebidas,Más de 10 años,Redes sociales,Las plataformas digitales me ayudan,Plataformas,"Redes sociales, Plataformas, Recomendaciones",Sí,Alimentos y bebidas ,100 personas o mas,Si,Variable / Otro,Otro Factor / No Especifica,Fácil / Accesible,Sin Malas Experiencias,Pocos clientes,La difusión ,Muy valioso,Promoción ,Valioso,Recomendaciones a turistas,5.0,Muy dispuesto,Otros / Indeciso,Promoción al restaurante ,"Publicidad, videos y en general difusión,  mayor proyección en plataforma digital "
Alimentos y Bebidas,1–3 años,Otro: En Google maps,Mantener redes sociales es complicado,Redes sociales,Recomendaciones,Sí,Mucho turista,Con mucha afluencia el fin de semana,Semana santa y cacaciones,Temporada Vacacional,Otro Factor / No Especifica,Fácil / Accesible,Sin Malas Experiencias,Falta de conocimientos digitales,Que sea segura y que las personas vengan identificadas ,Muy valioso,Vistas ,Muy valioso,Contacto directo con turistas,5.0,Muy dispuesto,Resultados Tangibles (Ventas/Ingresos),Que sea fácil de utilizar ,Rapidez 
Transporte,Más de 10 años,Plataformas digitales,Me cuesta trabajo atraer visitantes,Redes sociales,"Redes sociales, Recomendaciones, Plataformas",Sí,Transporte,Muchos,En vacíones hay más ,Variable / Otro,Otro Factor / No Especifica,Difícil / Complicado,Sin Malas Experiencias,Falta de tiempo,Que sea viable,Neutral,Que sea fácil ,Neutral,Contacto directo con turistas,3.0,Poco dispuesto,Sin Dato,,Que atraiga más clientes
Alimentos y Bebidas,Menos de 1 año,Recomendación directa,Las plataformas digitales me ayudan,De boca a boca,"De boca a boca, Redes sociales, Recomendaciones",Sí,Alimentos y ateinde locatarios,Normal,Vaciones tiene más gente y cuando no afecta la economia,Temporada Vacacional,Infraestructura y Acceso,Difícil / Complicado,Malas Reseñas / Gestión de Reputación,Falta de conocimientos digitales,Que los datos estén protegidos,Valioso,Actualizada,Valioso,Perfil verificado,5.0,Dispuesto,Confianza y Respaldo Institucional,La visibilidad,Que estuviera seccionada y fuera fácil reconocer
Artesanías y Comercio,4–10 años,Recomendación directa,Las plataformas digitales me ayudan,Recomendaciones,"Recomendaciones, De boca a boca, Plataformas",No,"Artesanías, ropa artesanal, es para turista ","Es concurrido, sábados y domingos","Si, en vacaciones y si llega a afectar porque no hay ventas",Temporada Vacacional,Infraestructura y Acceso,Difícil / Complicado,Sin Malas Experiencias,Costos de publicidad,Por recomendaciones ,Muy valioso,"Que fuera atractiva al turista, que tuviera secciones para identificar lo que busca el turista",Muy valioso,Recomendaciones a turistas,5.0,Muy dispuesto,Resultados Tangibles (Ventas/Ingresos),Que este seccionado y sea atractivo,"Que sea eficaz, práctica,  que este bien diseñada"
Artesanías y Comercio,Más de 10 años,No me promociono,Me cuesta trabajo atraer visitantes,Ferias,"Redes sociales, Plataformas, Ferias",No,Entonces este atendemos con buena calidad aquí de nuestros productos artesanías que hacemos nosotros personalmente y les ofrecemos a turistas nacionales y internacionales,Un día muy bueno el día que hay mucho turista pues nuestras ventas aumentan un poco teniendo mucho turismo pero cuando no pues es baja la venta un día pues no muy bueno,Pues nos afecta en economía porque nosotros dependemos de nuestro negocio aquí toda la familia de nosotros o sea mi familia depende de mi negocio cuando no hay visitante pues no no tenemos ingresos,Impacto Económico / Baja Afluencia,Falta de Recursos / Inversión,Difícil / Complicado,Sin Malas Experiencias,Falta de visibilidad,Que me alegrandeado pues no pues no así sí confianza pues no porque la primera vez que yo que me invitan a hacer una cosa de este y pues ya es depende de igualdad del gobierno que si no nos Oye y solamente así confiaría uno,Muy valioso,Confianza,Neutral,Mayor visibilidad,4.0,Muy dispuesto,Aprendizaje y Capacitación,Pues en el apoyo de primer lugar en el apoyo económico y en segundo el que Cómo se le puede decir este promocionar más la zona arqueológica de Tula para que llegue más turista,
