Id,Tipo de Servicio que se ofrece: ,Tipo de Servicio que se ofrece:  (Otro),Años de operación:,¿Cómo te promocionas actualmente?,¿Cómo te promocionas actualmente? (Otro),¿Cómo describes la función de promoción actualmente?,¿Cómo te das a conocer actualmente?,¿Cómo te das a conocer actualmente? (Otro),De esos medios: Elige 3 que realmente te traen clientes.,De esos medios: Elige 3 que realmente te traen clientes. (Otro),¿Usas alguna app o plataforma para promocionar tu servicio? ¿Cómo ha sido tu experiencia?,Cuéntame un poco sobre tu negocio o servicio. ¿Qué ofreces y a qué tipo de visitantes atiendes normalmente?,¿Cómo es un día normal para ti cuando tienes visitantes o clientes?,¿Hay temporadas donde tienes muchos visitantes y otras donde casi no llegan? ¿Cómo te afecta eso?,¿Cuál dirías que es el principal problema que enfrentas para atraer más visitantes?,"¿Qué tan fácil o difícil te resulta usar herramientas digitales para promocionarte?
",¿Has tenido alguna mala experiencia con plataformas digitales o redes sociales? ¿Qué pasó?,"Menciona ¿Cuál consideras sería la principal dificultad?
",¿Qué te haría confiar en una plataforma turística del gobierno del estado?,¿Qué tan valioso sería para ti aparecer en una app oficial que recomiende tu servicio a los visitantes?,"Si esa app existiera, ¿qué debería ofrecerte para que realmente la usaras?",¿Qué tan valioso consideras sería aparecer en una app turística oficial?,¿Qué funciones te resultarían más útiles?,En una escal del 1 al 5; donde 1 es nada y 5 totalmente. ¿Qué tanto confiaría en una plataforma que es oficial y gratuita?,"¿Qué tan dispuesto estarías a mantener tu información actualizada (por ejemplo de horarios, precios, fotos)?",¿Qué te motivaría a seguir usando la plataforma en el tiempo?,"Si pudieras pedirle algo a una plataforma turística para apoyar tu negocio, ¿qué sería?
","En una frase, ¿qué esperas de una plataforma turística del estado?"
1,Artesanía,,Más de 10 años,Recomendación directa,,Las plataformas digitales me ayudan,De boca a boca,,"Redes sociales, De boca a boca, Ferias",,FALSO,Artesanías y el visitante es de un nivel medio,Sábados y domingos es más afluencia y vacaciones ,"Vacaciones,  fines de semana y cuando no hay afecta en las ventas en los ingresos ","Las carreteras, la publicidad, señaleticas, no hay cajeros, medios de transporte",No es tan complicado ,No,Falta de conocimientos digitales,Que sea atractiva y segura,Muy valioso,"Seguridad, confianza, eficaz",Muy valioso,Recomendaciones a turistas,5,Muy dispuesto,La atracción del turista y crecimiento ,"Atracción, seguridad, confianza ",Que sea una herramienta de apoyo a los comerciantes
2,Artesanía,,Más de 10 años,Redes sociales,,Las plataformas digitales me ayudan,Redes sociales,,"Recomendaciones, Redes sociales, De boca a boca",,FALSO,"Artesanías de duentes, en diferentes presentaciones y el turistas es de diferentes niveles por la curiosidad de conocer más sobre duendes ","Darle una buena atención, explicar los significados, dar un buen servicio al cliente","Sábados y domingos, vacaciones de semana santa y diciembre, cuando no hay visitantes baja la venta y afecta un poco la economía ","Las vialidades, falta de transporte, señaleticas ",No me es difícil ,No,Falta de visibilidad,"Que sea atractiva y tenga más publicidad, atraer más clientes",Muy valioso,"Seguridad, confianza, innovación ",Muy valioso,Recomendaciones a turistas,5,Muy dispuesto,La publicidad a más turistas ,"Que sea seccionado qué tenga el apartado de duendearte para recomendar el lugar, proyectar imágenes del ligar","Que sea confiable, innovador y crear seguridad al turista"
3,Artesanía,,4–10 años,Recomendación directa,,Me cuesta trabajo atraer visitantes,Recomendaciones,,"Recomendaciones, Ferias, De boca a boca",,FALSO,Artesanías de ropa bordada,Hay buena venta en temporada de vacaciones ,No hay ventas,"Malas vialidades, falta de transporte ",Difícil ,No,Falta de conocimientos digitales,"Que sea segura, confiable ",Muy valioso,"Innovación, credibilidad ",Muy valioso,Contacto directo con turistas,5,Muy dispuesto,Que sea real y crear seguridad ,"Que muestre mis productos,  que se reflejan mis ventas, que si atraiga turistas ",Que sea una herramienta funcional y atractiva 
4,Restaurante / café,,Más de 10 años,Plataformas digitales,,Las plataformas digitales me ayudan,Plataformas,,"Redes sociales, De boca a boca, Recomendaciones",,VERDADERO,Restaurante y hotel y atienden a turistas ,Bueno,Si. Me afecta en los ingresos,Siempre hay turismo,Ni ,Ninguno ,Falta de visibilidad,Que sea confiable,Muy valioso,Fácil de usar y que de buena promoción ,Valioso,Recomendaciones a turistas,5,Dispuesto,La efectividad de la plataforma ,Que sea confiable y efectiva,Que sea efectiva 
5,Otro: Servicios,,4–10 años,Recomendación directa,,Las plataformas digitales me ayudan,Plataformas,,"Redes sociales, Recomendaciones, De boca a boca",,VERDADERO,Servicios ,Venta moderada,Baja la venta ,Falta de promoción ,Fácil ,No,Costos de publicidad,Si,Muy valioso,Ventas,Poco,Mayor visibilidad,5,Neutral,Mejorar ventas ,Aumentar ventas ,Promocionar el comercio local 
6,Artesanía,,Más de 10 años,Recomendación directa,,No siempre veo resultados claros,De boca a boca,,De boca a boca,,FALSO,Artesanias y atiendo a extranjeros y locales,"Buenos, en las ventas ya que se incrementan","Efectivamente, se ve en la disminucion o incremento en las ventas",Que en este momento están  arreglando la carreterA,No es difícil pero no las utilizamos ,Ninguno,Falta de tiempo,Que la información  proporcionada sea del lugar turístico,Valioso,Que diera ubicaciones exactas y que estuviera actualizada constantemente ,Valioso,Recomendaciones a turistas,4,Dispuesto,Su efectividad ,Eficacia,Que sea confiable y fácil de entender por los visitantes 
7,Otro: Artesanías y papelería,,Más de 10 años,Recomendación directa,,No siempre veo resultados claros,De boca a boca,,De boca a boca,,FALSO,Artesanías y papelería.  Atiendo a locales y turistas,Bueno,"Si, en la disminución  o incremento en las ventas ",Queno nos promocionamos en redes sociales,Difícil ,No,Falta de conocimientos digitales,Que se fácil y accesible de manejar ,Valioso,Que sea segura y de fácil manejo,Valioso,Recomendaciones a turistas,4,Dispuesto,Que sea eficaz,Más  visibilidad y mayor alcance,Que sea segura y confiable
8,Otro: Servicio  de internet,,Más de 10 años,Recomendación directa,,No siempre veo resultados claros,De boca a boca,,"De boca a boca, Recomendaciones, Redes sociales",,FALSO,Servicios de ínternety la mayor parte es a gente de la localidad,Bueno,"Si, en los períodos vacacionales de la Sep, nos afectan en los ingresos",Ninguno,Fácil ,Ninguna,Falta de tiempo,Que fuera confiable ,Muy valioso,Que tuviera muh buen rendimiento al ofrecer sus servicios,Muy valioso,Mayor visibilidad,5,Dispuesto,De acuerdo a los resultados decidiría si la sigo utilizando,Que generará publicidad de calidad,Que ofrezca buenos servicios
9,Otro: Miscelanea,,Más de 10 años,No me promociono,,No siempre veo resultados claros,De boca a boca,,De boca a boca,,FALSO,Miscelanea y generalmente al turismo,Tranquilo ,"Si,y no tengo dinero para invertir",Que no los dejan estacionar,Fácil ,No,Falta de conocimientos digitales,Que sea seria y segura,Neutral,La seguridad de que sea real,Neutral,Recomendaciones a turistas,5,Neutral,Que vea un incremento en mis ventas,Que fuera confiable ,Confiabilidad
10,,,,,,,,,,,,,,,,,,,,,,,,,,,,
11,,,,,,,,,,,,,,,,,,,,,,,,,,,,
12,Hospedaje,,1–3 años,Redes sociales,,Me cuesta trabajo atraer visitantes,Redes sociales,,"Redes sociales, Recomendaciones, Ferias",,FALSO,Pequeño motel y mis clientes mayormente son turistas,Atareado,En verano es cuando hay más clientes y en invierno casi no y me cuesta sacar la ganancia ,Sona poco conocida ,Mucho,"Si, e sido estafado en Facebook ",Costos de publicidad,La accesibilidad y la facilidad para promocionarse ,Muy valioso,Sin anuncios publicitarios que aparecen cada 5 segundos y sin cuentas de pago,Muy valioso,Perfil verificado,3,Neutral,Los calientes nuevos,Mayor tiempo para promocionarte sin costos adicionales ,Eficiencia
13,Artesanía,,Más de 10 años,Recomendación directa,,No siempre veo resultados claros,Ferias,,"Ferias, De boca a boca",,VERDADERO,Turistas ,Varea la asistencia de turismo ,Si,Falta de turismo ,No,No,Pocos clientes,Si,Muy valioso,Promoción ,Valioso,Mayor visibilidad,5,Muy dispuesto,Si,Dar a conocer los productos y artesanías ,Beneficios para incrementar ventas 
14,Artesanía,,Más de 10 años,No me promociono,,Mantener redes sociales es complicado,Ferias,,"Recomendaciones, Ferias, De boca a boca",,FALSO,Vestidos para niños Dios,20 personas ,"Si, enero ",Perdida de tradiciones ,Difícil ,No las uso ,Pocos clientes,Información en general ,Valioso,Promover mis productos ,Valioso,Mayor visibilidad,4,Muy dispuesto,Mayor venta,Promover mi mercancía ,Confianza y seguridad 
15,Artesanía,,4–10 años,No me promociono,,Me cuesta trabajo atraer visitantes,Otro: Con publicidad que toman en el local,,"[""Redes sociales"", ""Ferias"", ""other""] (otro: Publicidad)",,FALSO,"Perfumes, duendes, vasos taquilleras, portaretratos","Los turistas acuden con más frecuencia a espacios de diversión, la cabecera es más visitada para ingerir alimentos, hay gente, pero poca es la que compra.","En baja temporada hay muy poca afluenc8a de visitantes, entre semana no hay ventas, los fines poca venta.",Rehabilitacion carreteras ,Es fácil en ocasiones utilizan tic toc para para promover el negocio.,"En ocasiones, por pocas vistas, bajan el contenido.",Falta de conocimientos digitales,Sería una plataforma oficial en forma permanente,Valioso,"Ver el tipo de mercancía que ofrecen, como llegar al lugar, carreteras, costos. ",Valioso,Recomendaciones a turistas,5,Dispuesto,"Si se mejorarán las ventas, expandir el negocio","Promocionar los productos que ellos mismos elaboran, como tasa mágicas, playeras estampadas e imán de madera","Que se refleje mayorafkuencia de turistas, aumentar sus ventas, ubicar el espacio. "
16,Hospedaje,,Más de 10 años,Redes sociales,,Las plataformas digitales me ayudan,Plataformas,,"Redes sociales, Recomendaciones, Plataformas",,VERDADERO,"Hospedaje, ",Variable ,"Temporadas buenas, vacaciones ",Economía escasa ,Son buenas las plataformas digitales ,"No, hasta el momento ",Falta de visibilidad,Es confiable ,Valioso,Mis servicios ,Muy valioso,Estadísticas de visitas,5,Muy dispuesto,Incrementar la clientela ,Difusión ,Mayor promoción 
17,Otro: Venta de ropa,,1–3 años,Redes sociales,,No siempre veo resultados claros,Redes sociales,,"Redes sociales, Recomendaciones, De boca a boca",,FALSO,Ropa y básicamente clientela local,Un buen día de venta los lunes día de tianguis,"Días feriados les benefician, desventaja su ubicación. ","Precios alto en hospedajes.carretetas en mal estado, cierre de un tramo de carr. A pachuca, por rehabilitacionn","Regular, hace falta capacitacion",No,Falta de visibilidad,"Si se actualizará, permitir puntos de vista, que sea confiable, verificable",Muy valioso,"Alternativas de traslado al lugar, ubicación, ",Muy valioso,Contacto directo con turistas,4,Muy dispuesto,Los resultados que se vean,Recomendaciones,Incrementar clientela.
18,Artesanía,,1–3 años,Redes sociales,,No siempre veo resultados claros,Redes sociales,,"Redes sociales, Recomendaciones, De boca a boca",,FALSO,"Artesanías, turistas",Ventas mejoran,Se refleja en las ventas,Promocion,Regular faltan c9nocimientos,No,Falta de conocimientos digitales,Información. Confiable,Muy valioso,"Productos, costos, ubicación, transporte",Muy valioso,Mayor visibilidad,4,Muy dispuesto,Ver que aumentan las ventas,"Ubicación, costos",Mejorar las ventas
19,Otro: Botanas,,Más de 10 años,No me promociono,,No siempre veo resultados claros,Redes sociales,,Recomendaciones,,FALSO,Botana y dulces,Los días sábados y domingos,La mejor en vaciones,Publicidad,Puede tener mejoría de visitantes,No,Pocos clientes,Mejor información ,Valioso,Productos que vendo,Neutral,Estadísticas de visitas,5,Neutral,Ventas,Difucion,Mejoría de visitas
20,Artesanía,,Más de 10 años,Redes sociales,,Mantener redes sociales es complicado,Redes sociales,,"Recomendaciones, De boca a boca, Redes sociales",,VERDADERO,"Artesanal a los clientes visitantes son de guerra y existen aveces ,,uchos problemas 0aara ofrece el producto ",Días  festivos es donde hay mayor venta,En el gasto familiar,La FALTA DE DIFUCION,Muchas ,Si no me es util,Falta de visibilidad,Que si sirva para lo que es,Muy valioso,"Mi se3vicio directo de ,miS productos",Nada valioso,Mayor visibilidad,3,Dispuesto,Vender mis productos,Promoción de los productos,Condianza y que se a legal
21,Artesanía,,Más de 10 años,No me promociono,,Me cuesta trabajo atraer visitantes,Ferias,,"Redes sociales, Recomendaciones, Ferias",,VERDADERO,Es un producto artesanal,Muy buena ,En  vacaciones ,La difusión ee la zona,Ninguna,No,Falta de visibilidad,Que sea una Apple confiable,Muy valioso,Disponibilidad,Nada valioso,Mayor visibilidad,4,Muy dispuesto,La confianza,Claridad de difusión ,
22,Artesanía,,Más de 10 años,No me promociono,,No siempre veo resultados claros,Recomendaciones,,"Recomendaciones, Ferias, De boca a boca",,FALSO,Turismo nacional ,Domingos ,En los ingresos  y cobro de la entrada,Cobrar la entrada e inseguridad del lugar ,Difícil ,No,Falta de conocimientos digitales,Que sea confiable ,Valioso,Segura ,Valioso,Recomendaciones a turistas,5,Poco dispuesto,Que haya promoción ,Mayor  difusión ,Confiable 
23,Artesanía,,Más de 10 años,No me promociono,,Me cuesta trabajo atraer visitantes,Recomendaciones,,"Recomendaciones, De boca a boca",,FALSO,Lo ofrecemos normalmente a turismo nacional el tipo de servicio que bueno y de artesanía que no trabajamos es diversa trabajamos en madera en piedra en tejidos este sería lo que trabajamos,Bueno sí es bueno,El impacto en la economía porque ya no se produce la misma cantidad producimos menos y ganamos menos,Nuestro municipio sería la promoción de del turismo le quede de visita al turismo para para el estado de Tula no para el municipio de Tula ese sería la cuestión que el extranjero muy poco,Quise me complica no le entiendo,No,Falta de visibilidad,Pues lo primero sería que hubiera una verdadera promoción o una verdadera este difusión de nuestros productos y del municipio,Muy valioso,Confiabilidad y que realmente este hubiera la venta del producto,Muy valioso,Mayor visibilidad,5,Muy dispuesto,Pues es lo que me motivaría es que mis productos este se vendieran,Pues sería si es apoyo elegir el equipamiento de mi taller que para que mis labores o mis artesanías puedan un poquito más rápido de su elaboración o con un poquito menos trabajo,
24,Artesanía,,Más de 10 años,No me promociono,,No siempre veo resultados claros,De boca a boca,,"Recomendaciones, Ferias, De boca a boca",,FALSO,Bueno aquí atendemos este estudiantes mexicanos extranjeros pero los que en realidad vienen a comprar son los estudiantes y los nacionales casi el extranjero no no nos compra infección por el,Bueno si tenemos buenas ventas ahí ya es donde se ve que hay buenas ventas,Bueno nos afecta Porque no tenemos ventas hay muy poco turismo aquí en tul .,Bueno es que casi tampoco no le hacen mucha promoción aquí al Estado de Hidalgo ni tampoco a nuestras zonas arqueológicas no hay señalamientos de que tenemos un área turística que es la pirámides de Tula y en,Para Bueno no se me hace tan difícil pero a veces también por los robos no lo hace uno de promocionar,No,Falta de visibilidad,Bueno pues que realmente funcione y que realmente le hagan promoción a los artesanos inmediato y atender,Muy valioso,Inseguridad primero que nada y que haya buena organización para tener ventas Y qué es lo principal como que entró en la,Muy valioso,Mayor visibilidad,5,Muy dispuesto,Pues que realmente haya buena comunicación para el turismo y que realmente venga a visitar sino De qué manera,Sí que haya buenas promociones y que en ferias y en lugares turísticos se pronuncian las artesanías de aquí de tula,
25,Guía / experiencia,,Más de 10 años,No me promociono,,Me cuesta trabajo atraer visitantes,Recomendaciones,,De boca a boca,,VERDADERO,Servicios de transporte ,Mayor asistencia de turismo ,Si,No,Solo servicio de teléfono ,No,Pocos clientes,Su proyección ,Muy valioso,Mayor difusión ,Nada valioso,Contacto directo con turistas,5,Muy dispuesto,Mejorar y ampliar la clientela,"Mayor difusión turista,",Seguridad y confianza 
26,Artesanía,,Más de 10 años,Plataformas digitales,,Las plataformas digitales me ayudan,Plataformas,,"Redes sociales, Ferias, Recomendaciones",,VERDADERO,Artesanías y varios productos ,Sábados y domingos ,Si,Difusión ,Ayudan a vender y dase a conocer ,No,Falta de visibilidad,"Es seria, si ayuda ",Muy valioso,Promover los productos ,Valioso,Recomendaciones a turistas,5,Muy dispuesto,Mejorar las ventas ,Promoción ,Seguridad y promoción de las artesanías del estado de hidalgo 
27,Restaurante / café,,Más de 10 años,Recomendación directa,,Las plataformas digitales me ayudan,Plataformas,,"Redes sociales, Recomendaciones, Plataformas",,VERDADERO,Turistas ,Satisfactorio ,Bajan las ventas ,Falta de turismo ,Ayudan las redes sociales ,No,Pocos clientes,La promoción y seriedad ,Muy valioso,Promover mis productos ,Muy valioso,Recomendaciones a turistas,5,Muy dispuesto,Mejorar mis ventas ,Difusión ,Beneficios en mi economía 
28,Hospedaje,,4–10 años,Recomendación directa,,Las plataformas digitales me ayudan,Ferias,,"Redes sociales, Plataformas, Ferias",,VERDADERO,Turismo ,Alta en días de vacaciones ,Si,Competencia ,No,No,Costos de publicidad,Si,Valioso,Mis servicios ,Valioso,Mayor visibilidad,5,Dispuesto,Sumar más clientes ,Mayor difusión ,Promoción mayor VISITA 
29,Artesanía,,1–3 años,Recomendación directa,,Me cuesta trabajo atraer visitantes,Recomendaciones,,"Recomendaciones, Ferias, De boca a boca",,FALSO,Dulces artesanal ,1000,Aveces ,Las obras públicas ,Mucho,No,Falta de tiempo,Atractivo de turistas,Valioso,Confiabilidad ,Muy valioso,Recomendaciones a turistas,3,Dispuesto,Darte a conocer en varios lados,Confiabilidad,Compromiso y ayuda a que haya más turismo 
30,Restaurante / café,,Más de 10 años,Redes sociales,,No siempre veo resultados claros,Redes sociales,,"Redes sociales, Recomendaciones, De boca a boca",,VERDADERO,Turistas,Cansado,Después de verano y en día de muertos,La construcción de obra o cierre de carreteras,No tan facil,No,Falta de conocimientos digitales,Más ventas ,Neutral,Ganacias,Neutral,Contacto directo con turistas,3,Neutral,Mayor ventas ,Promocion,Apoyo
31,Artesanía,,4–10 años,Redes sociales,,Las plataformas digitales me ayudan,De boca a boca,,"Redes sociales, Plataformas, De boca a boca",,VERDADERO,Turistas ,Con trabajo,En los regresos de clases,Cierre de carreteras,Ninguna,No,Falta de visibilidad,Que sea confiable y que ayude a la promocion ,Valioso,Mayor promoción ,Valioso,Recomendaciones a turistas,4,Dispuesto,Mayor ganancia en productos,Que me promocionaron más ,Confiable y que sea productiva a los locatarios
32,Artesanía,,Más de 10 años,No me promociono,,Mantener redes sociales es complicado,Otro: Por visitas de turistas,,"De boca a boca, Redes sociales, Recomendaciones",,FALSO,Turistas ,Con mucho trabajo,Vacaciones de veran,Obras y cierre de carreteras,No utlizo,No tengo redes,Falta de tiempo,Confiablen y comprometida y se le de seguimiento ,Valioso,Garantia,Valioso,Contacto directo con turistas,4,Dispuesto,Mejoraría la economía ,Mayor promocion,Mayor  trabajo
33,Otro: Medicina,,4–10 años,No me promociono,,No siempre veo resultados claros,De boca a boca,,"Recomendaciones, Plataformas",,VERDADERO,Que buscan medicamentos ,Bien,En vacaciones ,Las desviaciones,Facil,No,Falta de conocimientos digitales,Que muestre los resultados reales,Valioso,Que se muestre,Valioso,Estadísticas de visitas,5,Neutral,Que se mejore,La ubicación ,Que me promocione
34,Hospedaje,,4–10 años,Recomendación directa,,Las plataformas digitales me ayudan,De boca a boca,,"Recomendaciones, Ferias, De boca a boca",,FALSO,Turistas ,Tranquilo,En vacaciones y normal en los otros dias,La confiabilidad,Facil,Los anuncios falsos,Falta de visibilidad,Que funcione y sea confiable,Neutral,Recomendaciones,Neutral,Mayor visibilidad,5,Neutral,Que se actualiza ,Que sea gratis,Que sea confiable y este al dia
35,Otro: Turismo de salud,,Más de 10 años,Redes sociales,,No siempre veo resultados claros,Recomendaciones,,"Redes sociales, Recomendaciones, De boca a boca",,FALSO,"Contamos con servicio de temazcal donde primero recibirás un agradable y aromático baño de barro, que te dejará una sensación de limpieza no solamente física sino espiritual, los enjuagamos con infusiones de plantitas medicinales y aromáticas recién cortadas que te inundan en sensaciones de cobijo como si fuera un apapacho de la medicina de la madre tierra, y para que no se nos enfríen los invitamos a pasar al fueguito, donde están las abuelitas calentándose, las abuelitas son las rocas volcánicas, después los pasamos al área de sahumacion donde realizamos la ceremonia prehispánica y realizamos una limpia con copal y toque de atecocolli, y nos llenamos de energía con el cuarzo...proseguimos con el sagrado baño de temazcal de 4 puertas con diferentes infusiones y dinámicas dentro del temazcal.   En el masaje terapéutico lo realizamos de pies a cabeza, alineamos el sistema nervioso, descontracturan os relajamos los músculos y alineamos el sistema óseo con aromaterapia y musicoterapia, también contamos con servicio de alimentos todos nuestros alimentos son frescos del día ,queso de rancho, tortillas de comal, agua de frutas frscas","Es un día lleno de vida, y de agradecimiento por permitirnos ayudar a las personas que lo necesitan y terminamos exhaustos pero contentos por los comentarios de los visitantes que nos indican que realmente rebasamos sus expectativas del servicio y se van muy agradecidos.",Económicamente ,"El camino , y falta de transporte turístico de la zona arqueológica al temazcal y realizar una gran difusión en la ciudad de México.",Y si es complicado manejarlas y realizar campañas provisionales que verdaderamente funcionen con un retorno de inversión ,Inviertes dinero y no se ven los resultados.,Falta de visibilidad,Resultados más clientes y más citas.,Muy valioso,Facilidad y claridad seguridad.,Muy valioso,Recomendaciones a turistas,4,Dispuesto,Resultados favorables,Que desde que bajan del avión los redireccione y recomienden con nosotros.,300%incremento de ventas.
36,Artesanía,,Más de 10 años,No me promociono,,Las plataformas digitales me ayudan,Recomendaciones,,"Redes sociales, Plataformas, De boca a boca",,FALSO,Puras figuras de barro y demás artesanías como llaveros pulseras dije,Este puede ser un poco tranquilo porque ahorita en su momento no ha llegado mucho mucho turismo Y entonces ahí fallando uno más o menos en tiempos,Las temporadas altas es cuando hay un poco más de gente y es donde se puede obtener algún poquito más pero no siempre ahorita la la economía y el como están las empresas no no no no y cuando no hay tu ritmo Pues sí no se afecta no sé hay que estar al día al día para poder sacar algo7,No pues ahora sí que defender es el o ese darle publicidad para que el turismo venga pero también así como están al día al día las cosas Pues también ya ya es poco el turismo que puede llegar o puede o puede llegar o puede llegar más no entonces lo que tenemos en el día a día,Yo creo que nada más Sería cuestión de adaptarse a ella y ver en qué momento subir lo que puede ser para para una red de un producto algo,No,Falta de visibilidad,No pues este eso es lo que les enseñaré a que se proporcionara más el turismo para poder tener este más que nada aquí visitar mucho o sea la zona arqueológica no que es lo un algo histórico o algo de los antepasados no de a que vengan a conocer todo eso no todo toda la cultura,Muy valioso,Nada más sería la si se usara eso nada más sería algún beneficio es lo mismo pues repetitivamente que la que haya más promoción a la zona no a la zona turística que estuvo la y nada más Tula porque pues hay varios lugares también pero aquí en Tula sigue que se hiciera más este promociones en ese sentido de visitar,Neutral,Mayor visibilidad,4,Muy dispuesto,Mucho,Confianza,
37,Artesanía,,Más de 10 años,No me promociono,,Me cuesta trabajo atraer visitantes,Recomendaciones,,"Recomendaciones, De boca a boca, Redes sociales",,FALSO,Artesanías y turismo  nacional ,Tranquilo ,"Si, pocos  ingresos ",Falta  de publicidad y apertura  del museo ,Difícil ,No,Falta de visibilidad,Que aumente  la publicidad ,Valioso,Confiable ,Valioso,Mayor visibilidad,3,Neutral,Que  haya resultados ,Difusión  amplia ,Confiable 
38,Artesanía,,Más de 10 años,No me promociono,,No siempre veo resultados claros,Ferias,,"Recomendaciones, Ferias, De boca a boca",,FALSO,Artesanías y poco extranjero ,Pocas ventas ,Si afecta ,La difusión ,Difícil ,No,Pocos clientes,Que  sea segura ,Valioso,Capacitación ,Valioso,Recomendaciones a turistas,4,Dispuesto,Aumento  de ventas ,Difusión ,Aumentar  ventas 
39,Artesanía,,Más de 10 años,No me promociono,,Me cuesta trabajo atraer visitantes,Ferias,,"Recomendaciones, Ferias, De boca a boca",,FALSO,Visitante y extranjero ,Pocas ventas ,En los ingresos ,Falta  de difusión ,Muy difícil ,No,Pocos clientes,La seguridad ,Neutral,Seguridad  y capacitación ,Neutral,Mayor visibilidad,3,Dispuesto,Aumento  de ventas ,Mayor  difusión,Confiabilidad 
40,Artesanía,,Más de 10 años,No me promociono,,No siempre veo resultados claros,Recomendaciones,,"Recomendaciones, De boca a boca, Ferias",,FALSO,Nacional y extranjero,Sábado  y domingo ,En los ingresos ,Difusión ,Difícil ,No,Falta de visibilidad,Que  sea segura ,Valioso,Sencilla ,Neutral,Mayor visibilidad,4,Dispuesto,que aumenten los ingresos ,Mayor  difusión ,Confiable 
41,Artesanía,,4–10 años,Recomendación directa,,No siempre veo resultados claros,Ferias,,"Recomendaciones, De boca a boca",,FALSO,Nacional ,Aumentan ventas ,En los ingresos ,Falta  de difusión ,Difícil ,No,Falta de visibilidad,Que sea segura ,Valioso,Difusión ,Valioso,Recomendaciones a turistas,5,Dispuesto,Que  se vea reflejado  en las ventas ,Mayor  difusión ,Mayor  difusión 
42,Artesanía,,Más de 10 años,Recomendación directa,,Me cuesta trabajo atraer visitantes,Recomendaciones,,"Recomendaciones, De boca a boca, Ferias",,FALSO,Nacional ,Domingo ,21 de marzo y semana santa ,Difusión ,Difícil ,No,Pocos clientes,Seguridad ,Valioso,Seguridad ,Valioso,Contacto directo con turistas,4,Dispuesto,Aumentar  ingresos ,Difusión ,Confiable 
43,Hospedaje,,4–10 años,Redes sociales,,No siempre veo resultados claros,Redes sociales,,"Recomendaciones, Redes sociales, De boca a boca",,VERDADERO,De todo,"Muy movido, pero satisfactorio",E. La economía ,Competencia ,Dificil,No,Falta de conocimientos digitales,Quesería para promocionar y se vean resultados ,Valioso,Resultados ,Valioso,Recomendaciones a turistas,3,Dispuesto,Resultados ,Que promocione mi negocio ,Que se vea reflejado el apoyo a mi negocio
44,Guía / experiencia,,Más de 10 años,Redes sociales,,Las plataformas digitales me ayudan,Redes sociales,,"Redes sociales, Recomendaciones, De boca a boca",,VERDADERO,Recorridos turísticos y noche de leyendas,"Activo, ventas altas",Se vende poco,Caminos y carreteras,Nada difícil ,No,Falta de tiempo,Experiencia fácil del usuario ,Valioso,Ser de fácil uso y que la use el turista para conectar con la marca,Valioso,Contacto directo con turistas,4,Muy dispuesto,Obtener beneficios ,Que busque que sea atractiva para el turista,Eficiente
45,Guía / experiencia,,Más de 10 años,Redes sociales,,Las plataformas digitales me ayudan,Redes sociales,,"Redes sociales, Recomendaciones, Plataformas",,VERDADERO,"Turismo de aventura , turistas nacionales e internacionales ",Tranquilo entresemanamovido fines de semana y días festivos,No afecta normalmente hay clientes ,La competencia ,Es facil,No,Costos de publicidad,"Facilidad, heramientas que proporcionen, actualiaza y sin costo, ",Muy valioso,"El costo, el alcance y la magnitud de difusión ",Valioso,Perfil verificado,5,Muy dispuesto,Que me de resultados ,Que el resultado de promocionarme en la plataforma se refleje en mi economía ,Mayores ganancia e incremento de clientes 
46,Otro: Servicio de hospedaje y recorridos turísticos,,4–10 años,Recomendación directa,,Las plataformas digitales me ayudan,Otro: Redes sociales y personalmente,,"Redes sociales, Recomendaciones, De boca a boca",,VERDADERO,Hospedaje de cabañas y recorridos a centros turisticos,Muy movido por tener que visitar los centros turísticos que quiera el cliente,"Bastante, pasando vacaciones baja el número de visitantes",Actualmente por el deterioro de las carreteras y por la falta de conocimientos del pueblo,Es más fácil llegar a más gente,No,Falta de conocimientos digitales,Saber bien como funciona la plataforma ,Valioso,Información completa del pueblo y de las actividades que hay,Valioso,Contacto directo con turistas,3,Dispuesto,Que si haga una diferencia ,Que recomienden a todos de igual manera,Igualdad
47,Restaurante / café,,4–10 años,Recomendación directa,,Las plataformas digitales me ayudan,Redes sociales,,"Redes sociales, Recomendaciones, De boca a boca",,FALSO,Comida y bebida ,Abordo al cliente y le ofreces el servicio,En la economía ,Competencia ,Facil,"Si, comentarios malos ",Falta de tiempo,Que no sea costosa y que la información Sea real ,Valioso,Que promociones todo lo que ofrecemos y que este actualizada ,Valioso,Recomendaciones a turistas,5,Muy dispuesto,Que tenga exito,Buena informacio Y accesibilidad ,Que tenga u mayor alcance turístico
48,Artesanía,,Más de 10 años,No me promociono,,No siempre veo resultados claros,Recomendaciones,,"Recomendaciones, Plataformas, De boca a boca, Redes sociales",,FALSO,Artesanias,Ajetreado,En la economia,Promoción ,Dificil,No,Falta de conocimientos digitales,La veracidad de la información ,Muy valioso,Accesibilidad ,Muy valioso,Recomendaciones a turistas,5,Muy dispuesto,La atracción. De calientes ,Promoción ,Información. Actualizada
49,Restaurante / café,,4–10 años,Redes sociales,,Mantener redes sociales es complicado,Redes sociales,,"Redes sociales, Plataformas, De boca a boca, Recomendaciones",,VERDADERO,Comida y bebidas,Ventas normales ,Principalm3nte en la economía ,Temporadas,Facil,No,Pocos clientes,Que se mantenga actualizada y que de resultados esperados,Valioso,Que se mantenga actualizado ,Valioso,Mayor visibilidad,5,Dispuesto,Que sea fácil se usar y que se mantenga actualizada ,Que funcione,Que llamativa y accesible 
50,Restaurante / café,,Más de 10 años,Redes sociales,,Mantener redes sociales es complicado,Redes sociales,,"Redes sociales, Recomendaciones, De boca a boca",,FALSO,Comida y bebidas ,Se llegan a agotar productos es ca saldo pero reconfortante,"Seechan a perder comidas, se reduce trabajadores y en la economía ",Competencia ,"Facil, pe4o no tiene tiempo",No,Falta de tiempo,Que sea segura ,Valioso,Que sea buena ,Valioso,Contacto directo con turistas,5,Dispuesto,Ver resultados ,Que la actualicen y que me promocione,Que la promoción de resultados y que sea fácil de manejar 
51,Otro: Frutas y verduras,,Más de 10 años,No me promociono,,Mantener redes sociales es complicado,Recomendaciones,,"Recomendaciones, Ferias, De boca a boca",,FALSO,Locatarios y turistas venta de frutas yverduras,Sábado y domingo go es fuerte,Por cierre de carreteras esta muy floja la venta,Carreteras,Dificil,No,Falta de conocimientos digitales,Seguridad,Poco valioso,No la usaria,Poco,Recomendaciones a turistas,1,Poco dispuesto,El aumento de clientes,Que fuera permanentemente,Más clientes
52,Otro: Café y helados,,1–3 años,Recomendación directa,,Las plataformas digitales me ayudan,Recomendaciones,,"Redes sociales, Recomendaciones, De boca a boca",,FALSO,Café y helados atienden en fines de semana más turistas y entre semana locatarios,Atareadocuando tienen más clientes es en vacaciones y puentes,Economia,Cierre de carreteras ,Facil,Estafa,Falta de tiempo,Seguridad y actualizada sin datos personales y que no cueste,Poco valioso,Seguridad,Valioso,Recomendaciones a turistas,4,Dispuesto,Aumento de clientes,Mucha imagen visual ,Innovacion
53,Restaurante / café,,4–10 años,Recomendación directa,,Las plataformas digitales me ayudan,Redes sociales,,"Redes sociales, Plataformas, Ferias, De boca a boca",,VERDADERO,Turistas y locatarios,Pues poco complicado,Baja la economia,Cierre de carreteras,No es complicado,No,Falta de conocimientos digitales,Las recomendaciones ,Valioso,Confiabilidad,Valioso,Recomendaciones a turistas,3,Neutral,Recomendaciones,Capacitaciones,Nada
54,Otro: Papeleria,,4–10 años,Recomendación directa,,Mantener redes sociales es complicado,De boca a boca,,"De boca a boca, Plataformas, Redes sociales",,FALSO,Locatarios,Normal,En época de regreso a clases,No tener redes,Complicado,No,Falta de conocimientos digitales,Conbilidad,Valioso,Capacitaones,Valioso,Recomendaciones a turistas,3,Muy dispuesto,Grandes ventas,Capacitaciones,Ninguna
55,Restaurante / café,,Menos de 1 año,Recomendación directa,,Las plataformas digitales me ayudan,De boca a boca,,"Redes sociales, De boca a boca, Recomendaciones",,VERDADERO,Alimentos  locatarios ,Ni tan tranquilo ni ajetreadovacaciones. As gente y afecta a la ganancia,Afecta ka economia,Cierre de carreteras,Un poco dificil,"Si , por clientes que se van a disgustos mala reseña",Falta de tiempo,Datos protegidos ,Valioso,Actualizaciones,Valioso,Recomendaciones a turistas,5,Dispuesto,Resultados,Resultados,Innovadora y  por secciones
56,Restaurante / café,,Más de 10 años,Plataformas digitales,,Las plataformas digitales me ayudan,Plataformas,,"Plataformas, Ferias, Redes sociales",,VERDADERO,Turistas ,Arriba de 80 cliente ,"Económica, no salen para los gastos ","Las obras de mantenimiento en este momento,  desvían el paso de los turistas por otros lados ",Ayudan a promover el restaurante ,No,Pocos clientes,La credibilidad y el alcance en plataforma digitales ,Muy valioso,Promover  el giro gastronómico ,Muy valioso,Recomendaciones a turistas,5,Muy dispuesto,Mayores ventas,Promoción de mi negocio ,Incrementar ventas 
57,Restaurante / café,,Más de 10 años,Plataformas digitales,,Las plataformas digitales me ayudan,Plataformas,,"Redes sociales, Recomendaciones, Plataformas",,VERDADERO,Turismo ,"Bueno,  ayuda ala economía ",Bajan las ventas ,Las obras en proceso en este momento en la cabeza municipal ,"No, ayuda a darse a conocer y promover el negocio ",No,Pocos clientes,La información verdadera y la promoción en sus plataformas digitales ,Muy valioso,Información actualizada y verdadera ,Muy valioso,Perfil verificado,5,Muy dispuesto,Mejoras ventas ,Promoción y difusión digitales ,Mejorar mis ventas 
58,Artesanía,,Más de 10 años,Otro: De boca en boca,,Me cuesta trabajo atraer visitantes,Recomendaciones,,"De boca a boca, Recomendaciones, Redes sociales",,FALSO,"Venta de ropa artesanal, barro de huasca, Turismo del edo. De México, veracruz",Las ventas son regulares,"En las las vacaciones sube el turismo, y aumentan las ventas, afectan las carreteras la llega de turismo.","Las carreteras en mal estado, capacitación a personal de pdcia. Mpal. Para orientar y dar buen trato al turismo.",Se le dificulta por la actualización de información en redes,Falta de conocimientos en redes,Falta de conocimientos digitales,Que sea real y confiable,Muy valioso,"Productos, ubicación del negocio, fotografías.",Valioso,Contacto directo con turistas,3,Dispuesto,Que sea real y se refleje en aumento ventas,Visibilidad del negocio,"Sea cierta, que sea atractiva, que motive a visitar el lugar."
59,Restaurante / café,,1–3 años,No me promociono,,No siempre veo resultados claros,Redes sociales,,"Redes sociales, De boca a boca, Recomendaciones",,FALSO,"Restaurante y bar familiar, mariscos mar y tierra, turismo de la cdmx y local","En puentes vacacionales hay mayor turismo, los fines de semana también, aumenta las ventas.","Faltan señalamientos para llegar al lugar, bajas ventas.","Señalizar el lugar, promocionar, eventos música en vivo. Mejorar el establecimiento.","Sabe manejar las redes, aunque no todas",No,Falta de conocimientos digitales,Que informe realmente las bondades y ventajas del lugar,Muy valioso,"Costos de productos, actividades, establecimiento, las truchas que son nutritivas, el proceso de cría de truchas.",Muy valioso,Contacto directo con turistas,5,Muy dispuesto,Que diera resultados,"Datos del establecimiento, ubicación, promociones del negocio, celebración de posibles eventos.","Eficiente, recomendable, verídica."
60,Otro: Artesanias,,Menos de 1 año,No me promociono,,Me cuesta trabajo atraer visitantes,De boca a boca,,"De boca a boca, Recomendaciones, Redes sociales",,FALSO,Locales turistas no muchos,Tranquilo,En puentes en días normales poca afluencia,Poco tiempo operando,No lo ha intentado,No,Falta de tiempo,Puede ser buena pero requiere de capacitacion,Valioso,Seguridad,Valioso,Recomendaciones a turistas,4,Dispuesto,El aumento de clientes ,Más visibilidad,Más visitantes
61,Otro: Regalos farmacia tienda,,Más de 10 años,No me promociono,,Me cuesta trabajo atraer visitantes,De boca a boca,,"Redes sociales, Recomendaciones, De boca a boca",,FALSO,Turistas y locales,Tranquilo,"Invierno o semana santa, hay más gente, enero febrero no hay mucha gente pocas ventas",Carreteras cierres,Dificil,No,Falta de conocimientos digitales,Seguridad ,Poco valioso,Seguridad,Neutral,Perfil verificado,3,Poco dispuesto,Aumento de clientes,Seguridad,Atracción de clientes
62,Hospedaje,,4–10 años,Otro: Plataforma booking,,Mantener redes sociales es complicado,Plataformas,,"Redes sociales, De boca a boca",,VERDADERO,Hospedaje atienden turistas,Tranquilos emana sa ta y fin de año bastante gente y enero y febrero poca gente,Cuando cierra. Carreteras hay po a gente y si afecta,Cierre de carregeras,Dificil,Yo no pero el anterior encargado si en facebook,Falta de conocimientos digitales,Margen de costos y seguridad,Valioso,Si,Valioso,Recomendaciones a turistas,5,Muy dispuesto,Aumento to de clientes resultados,Resultados,Que sea confiable
63,Restaurante / café,,4–10 años,Plataformas digitales,,Las plataformas digitales me ayudan,Plataformas,,De boca a boca,,VERDADERO,Alimentos y se atienden locales y ocasionalmente turistas,Depende evacuaciones si hay lleno,"Vacaciones mucha , enero poca",Falta publicidad y cierre de carreteras,No es dificil,No,Falta de conocimientos digitales,Seguridad ,Valioso,Seguridad,Muy valioso,Perfil verificado,3,Dispuesto,Que si atrahera clientes,Seguridad,Innovadora
64,Otro: Abarrotes,,4–10 años,No me promociono,,No siempre veo resultados claros,De boca a boca,,"Recomendaciones, De boca a boca",,FALSO,,,,Poca afluencia,Mucho,No,Falta de conocimientos digitales,Seguridad,Poco valioso,Segura y gratuita,Poco,Recomendaciones a turistas,4,Poco dispuesto,Más clientes,Segura,Que sea buena
65,Artesanía,,1–3 años,No me promociono,,Mantener redes sociales es complicado,Recomendaciones,,"Recomendaciones, De boca a boca, Ferias",,FALSO,Artesania,Normal,A la economia,Cierrede carreteras,Dificil,No,Falta de conocimientos digitales,Segura,Poco valioso,Más clientes,Poco,Mayor visibilidad,4,Poco dispuesto,Más clientes ,Capacitacion,Que sea buena
66,Restaurante / café,,4–10 años,Recomendación directa,,Mantener redes sociales es complicado,De boca a boca,,"Recomendaciones, De boca a boca, Plataformas",,FALSO,"Desayunos, comidas y servicio a la carta",Con mucho movimiento y estamos ocupados,Pues hay menos flujo de dinero,La temporada baja cuando no hay turistas,Fácil ,Si se han escuchado comentarios de que por medio de apps hay estafas,Costos de publicidad,Que sea eficiente,Valioso,Que sea facil,Valioso,Mayor visibilidad,3,Dispuesto,Que suba el turismo,Fácil de entender,
67,Artesanía,,1–3 años,No me promociono,,Me cuesta trabajo atraer visitantes,De boca a boca,,De boca a boca,,FALSO,Artesanías ,Poca gente,En vacaciones es la mejor temporada ,Que no hay tiempo para que las personas vengan,No se usarlas,No,Falta de conocimientos digitales,Que nos expliquen como se usa ,Valioso,Que sea de fácil entendimiento ,Valioso,Perfil verificado,5,Dispuesto,Las buenas ventas ,Que nis den las herramientas necesarias para usarla,Eficiencia
68,Restaurante / café,,4–10 años,Redes sociales,,Las plataformas digitales me ayudan,Redes sociales,,"Redes sociales, Recomendaciones, De boca a boca",,FALSO,Comida y bebida ,"Abordar al cliente,volanteo",Economía ,Competencia ,Fácil ,Si malos comentarios ,Falta de visibilidad,Información real,Valioso,Resultados ,Valioso,Mayor visibilidad,5,Dispuesto,Ventas ,Promoción ,Mayor visibilidad 
69,Restaurante / café,,1–3 años,Otro: Volantes,,Las plataformas digitales me ayudan,Redes sociales,,"[""Redes sociales"", ""other""] (otro: Google maps y también instagram)",,VERDADERO,Comida ,Muy movido,En semana santa,La vialidad de las calles,Muy facil,Si es buena,Falta de visibilidad,Que describen las funciones y los beneficios ,Muy valioso,La aprobación del dueño ,Muy valioso,Contacto directo con turistas,5,Muy dispuesto,Dependiendo los resultados,Dejar poner reseñas,Que sea confiable
70,Hospedaje,,Más de 10 años,No me promociono,,No siempre veo resultados claros,De boca a boca,,De boca a boca,,FALSO,Hospedaje y recibimos mochileros,Poca afluencia,En semana santa es más afluencia,Hay mucha competencia ,Muy difícil ,Si y fue nada experiencia ,Falta de conocimientos digitales,Que de una capacitación fácilmente cómase usa,Muy valioso,Capacitación ,Muy valioso,Contacto directo con turistas,5,Muy dispuesto,Las ventas y más visitantes ,Seguridad ,Confiable 
71,Artesanía,,1–3 años,No me promociono,,Las plataformas digitales me ayudan,Recomendaciones,,"Redes sociales, De boca a boca",,FALSO,Artesanías solamente,Es tranquilo ,Vacaciones hay muchísimo turismo ,La competencia y que no somos tan visibles ,Fácil ,No,Costos de publicidad,Que me den anuncios para promocionarme ,Muy valioso,"Lis anuncios, promociones ",Muy valioso,Recomendaciones a turistas,5,Muy dispuesto,Que tenga buenos resultados y venda más ,Que sea se fácil entendimiento ,"Agilidad, y buena imagen "
72,Restaurante / café,,4–10 años,Recomendación directa,,Las plataformas digitales me ayudan,Recomendaciones,,"Recomendaciones, De boca a boca, Redes sociales",,FALSO,Menú a la carta ,Tranquilo,Si en vacaciones ,Cuando no es temporada alta,No me interesa mucho,Han habido estafas,Falta de visibilidad,Seguridad,Neutral,Alomejor si,Neutral,Recomendaciones a turistas,4,Dispuesto,Más visitantes,Que sea segura,Rapidez y fácil entendimiento
73,Artesanía,,Más de 10 años,Recomendación directa,,Me cuesta trabajo atraer visitantes,Recomendaciones,,"Recomendaciones, De boca a boca, Ferias",,FALSO,Productos de piel,Se llega agotar el producto ,Economía ,Los caminos,No las utilizo porque la misma gente los promociona,No las utiliza ,Falta de visibilidad,Que sea para todos los comerciantes,Valioso,Que sea practica,Neutral,Mayor visibilidad,5,Dispuesto,Mejores ventas,Facilidad de promocionar los productos ,Más ventas
74,Otro: Dulces,,Más de 10 años,No me promociono,,No siempre veo resultados claros,De boca a boca,,Recomendaciones,,FALSO,La venta  de  bebidas hidratates,Tranquilo los días  de mayor frecuencia  somos los días Domingos,La venta es los Domingos  los demás días son de poca afluencia  de visitantes ,La ubicación  no tenemos acceso  a la zona  Arqueologica,Demasido,Poco conocimiento ,Pocos clientes,Que sea confiable y útil ,Valioso,Que sea fácil de manejar,Valioso,Recomendaciones a turistas,4,Dispuesto,Ver resultados ,Que nos den  a conocer ,Confiable 
75,Otro: Tortillas y pollos,,Más de 10 años,Recomendación directa,,Me cuesta trabajo atraer visitantes,De boca a boca,,De boca a boca,,FALSO,Comida y a locatarios ,Normal porque ya saben como son las ventas,Economía ,El estacionamiento ,No las necesita porque ya los conocen llevan más de 40 años,No las uso,Falta de conocimientos digitales,Nada,Valioso,Que sea fácil de usar,Valioso,Mayor visibilidad,4,Dispuesto,Ventas,Visibilidad ,Más clientela 
76,Otro: Ventas pollo,,Más de 10 años,No me promociono,,Me cuesta trabajo atraer visitantes,De boca a boca,,"De boca a boca, Recomendaciones",,FALSO,Pollo y locatarios,Movido,Economía ,Los caminos y falta de estacionamiento ,Muy difíciles ,"No, no las utilizo",Falta de conocimientos digitales,No confiaría en una plataforma ,Nada valioso,"Nada , no la usuaria ",Nada valioso,Mayor visibilidad,1,Nada dispuesto,No la usuaria ,Nada porque mi venta es para locatarios,Nada 
77,Restaurante / café,,4–10 años,Redes sociales,,Mantener redes sociales es complicado,Redes sociales,,"Redes sociales, Plataformas, De boca a boca",,VERDADERO,Barbacoa y pulque,Principal venta de barbacoa y no se agota,Económica ,Las temporadas ,Es fácil y funcional,No,Falta de conocimientos digitales,Que este actualizada,Muy valioso,"Facilidad, accesibilidad y un retorno de información para saber siesta funcionando o no",Muy valioso,Contacto directo con turistas,5,Muy dispuesto,Visibilidad ,Fácil de operar ,Que sea llamativa 
78,Restaurante / café,,1–3 años,Redes sociales,,Mantener redes sociales es complicado,Redes sociales,,"Redes sociales, De boca a boca",,FALSO,Restaurante,Se agotan algunos productos ,"Económicamente, reducir empleados ",Falta de promoción ,No es tan difícil ,No,Falta de conocimientos digitales,Que otros prestadores la utilicen ,Muy valioso,Abierta al público ,Muy valioso,Recomendaciones a turistas,5,Muy dispuesto,Ver resultados ,Buena promoción ,Que no tenga sobrecupo
79,Restaurante / café,,4–10 años,Plataformas digitales,,Las plataformas digitales me ayudan,Plataformas,,"Redes sociales, Recomendaciones, Plataformas",,VERDADERO,Restaurante y bar asiste gente con dinero y son sufieciene,Ajetreado en vacaciones los demás días tranquilo,Vaciones ,Cuando arreglan la carretera se desvían l9s vehiculos,Sencillo,No,Pocos clientes,Lasnrecomendaciones que allá y que este avalada,Muy valioso,Una norma imagen y buenas recomendaciones sin costo ,Muy valioso,Contacto directo con turistas,5,Muy dispuesto,Que sea buena y viable,Las recomendaciones ,Que valga la pena
80,Restaurante / café,,4–10 años,No me promociono,,Las plataformas digitales me ayudan,De boca a boca,,Ferias,,VERDADERO,Comida,Normal,En vaciones,La carretera,Dificiles,No,Falta de tiempo,Las recomendaciones ,Valioso,Que sirva,Muy valioso,Recomendaciones a turistas,5,Dispuesto,La actualización ,La seguridad ,Que funcione
81,Artesanía,,4–10 años,Recomendación directa,,Mantener redes sociales es complicado,Recomendaciones,,"Recomendaciones, Ferias, De boca a boca",,FALSO,Vendo artesanías y los visitantes son de una economía media,Si hay venta los fines de semana y vacaciones ,Si en vacaciones y  si no tengo ventas se refleja en la economía ,"Las vialidades, falta de estacionamiento, falta de transporte ",Es fácil ,No ninguna,Costos de publicidad,Que sea atractiva y segura,Muy valioso,"Seguridad, confianza, atracción ",Muy valioso,Contacto directo con turistas,5,Muy dispuesto,Atraer más turistas,"Que sea innovador, que genere confianza ",Que sea herramienta para promocionar 
82,Artesanía,,Más de 10 años,Recomendación directa,,Mantener redes sociales es complicado,Recomendaciones,,"Recomendaciones, Ferias, De boca a boca",,FALSO,Artesanías de  barro y el visitante es de economía media,Los sábados y domingos es cuando hay ventas,"Sábados y domingos, días festivos, vacaciones y cuando no tengo venta afecta a la economía ","La carreteras, vialidades, no hay mucho transporte el turista se va temprano ",Difícil ,No,Falta de conocimientos digitales,"Qye sea seguro, que sea  atractiva para tener más mercados ",Muy valioso,"Seguridad, confianza al turista",Muy valioso,Recomendaciones a turistas,5,Muy dispuesto,La confianza al turista,"Que fuera atractiva, que genere confianza, los precios justos","Que nos ayude a promocionar, que genere confianza al turista y vengan a comprar"
83,Artesanía,,Más de 10 años,Recomendación directa,,Las plataformas digitales me ayudan,Recomendaciones,,"Recomendaciones, Ferias, De boca a boca",,FALSO,Artesanías de cerámica ,"Hay buena venta, sábados y domingos y  vacaciones ",No hay venta no se genera,"Vialidades, transporte ",Difícil ,No,Falta de conocimientos digitales,"Confianza, seguridad, innovación ",Muy valioso,Credibilidad ,Muy valioso,Contacto directo con turistas,5,Muy dispuesto,La seguridad ,"Seccionado, información actualizada ",Que sea una herramienta práctica para conocer lugares 
84,Otro: Productos de limpieza,,1–3 años,Recomendación directa,,No siempre veo resultados claros,De boca a boca,,"De boca a boca, Ferias, Recomendaciones",,FALSO,Venta de artículos de limpieza ,Bueno,Si. En los ingresos,El trato que se le da al turismo ,Dificil,No,Falta de conocimientos digitales,Que fuera confiable y segura,Neutral,Que fuera segura y confiable,Valioso,Recomendaciones a turistas,4,Neutral,Confiabilidad,Seguridad,Que se vea su utilidad de mis ingresos
85,Artesanía,,1–3 años,Recomendación directa,,Me cuesta trabajo atraer visitantes,Recomendaciones,,"Recomendaciones, Plataformas, De boca a boca",,FALSO,"Artesanías, estampado de ropa, artesania en mdf",Hay venta regular,"Tramo cerrado de carretera de acceso por obra les afecta sus ventas, hay pocos turistas, así como carreteras en mal estado.","Considerar más atractivos en cabecera municipal, como bailes folclórico, eventos musicales, caravanas, eventos de día de muertos. ","Regular, hacen falta conocimientos en el tema.",No,Falta de visibilidad,"Que sea gratuita, sea actualizada, los prestadores de servicios puedan opinar, y los turistas expresar sus experiencias.",Valioso,"Promoción, productos en venta, ubicación, opciones de transporte, demás atractivos turísticos del mio.",Valioso,Contacto directo con turistas,3,Dispuesto,Conocer más al turista,"Promover eventos en diferentes fechas del año, como atractivo extra.",Mayor turismo y mejorar las ventas. 
86,Artesanía,,Más de 10 años,No me promociono,,Las plataformas digitales me ayudan,De boca a boca,,"De boca a boca, Recomendaciones",,VERDADERO,Lo que ofrecemos aquí en el puesto es ya tres años de barro artesanías de cartonería artesanías de mármol bisutería también y es cosas también por ejemplo naturales como algunas cosas secas bueno que obtenemos del cardón y creo que es todo,Un día normal bueno es venimos acomodamos nuestro puesto y luego ponemos ofrecemos a las personas que van pasando nuestros productos los invitamos a acercarse al puesto y le mostramos algunas cosas que se interesan y así es como como es nuestro día,Sí bueno en el caso de las bajas y altas temporadas en las bajas pues nos afectan obviamente en la cuestión de la venta de nuestra economía pero también utilizamos para para producir más cosas o también pues optamos por algunos otros trabajos no abrimos como tal diario aquí cuando son las temporadas bajas,Bueno yo creo que el problema es la difusión de la zona arqueológica la difusión y también el estado de la zona porque está un poquito olvidado y que por ejemplo en días como el 21 de Marzo o feriados se sigue cobrando entradas entonces solo el domingo creo que sí el domingo es donde no se cobra entrada pero en los días festivos cuando yo creo que debería de ser gratuito para que tengamos más invitados,Bueno no no es como tal difícil pero lo hacemos luego más desde casa o sea días antes cuando tenemos algunas cuestiones para difundir o Algunas veces aquí nos agarre bien la señal entonces pero en ese caso es como complicado pero en casa si las podemos manejar,No Bueno no no no he tenido como alguna mala experiencia con con ellas,Falta de visibilidad,Bueno sí creo que sería confiable en cuestión de que ya Ya que ellos pues difunde difundirían y atraerían más el turismo para la zona arqueológica ,Muy valioso,Yo creo que lo que debería a ofrecer es pues como un catálogo de de muchas cosas para para los días que para temporada alta creo que sí algo así,Valioso,Recomendaciones a turistas,4,Muy dispuesto,Me motivaría bueno que para seguir trabajando en la plataforma las actualizaciones un que sea fácil de usar y y también la el contenido que informativo que tengan ,Yo creo que lo principal sería defunción difusión y contenido para para los turistas de que O sea que te puedan entrar algo que digan no sé es la sección de Tula y y pueda ofrecer como un catálogo de de lo que venden horarios y accesos y todo,
87,Artesanía,,Más de 10 años,Recomendación directa,,No siempre veo resultados claros,De boca a boca,,"De boca a boca, Ferias, Recomendaciones",,FALSO,En especial ahora sí que recomendamos lo que viene siendo la artesanía en barro lapidaria y ya una que ahora sí que las pulseras los anillos los aretes,Un día normal viene siendo fines de semana viernes sábado domingo que es un poquito de más afluencia y más cuando llega a la escuela ante,Pues sí nos afecta demasiado porque realmente por ejemplo si digamos que de toda la semana trabajamos bien bien dos días nos afecta demasiado ahora sí que la falta de la atracción al turistau,El principal problema que ahora sí que lo que nos afecta a nosotros es a lo mejor el costo de la entrada muchas veces entre semana Pues sí si viene una familia de cinco personas Pues sí la verdad está un poco elevado al costo para para que ingresen todos hay familias que se regresan a veces no entran a la zona por lo mismo de que el costo es elevado,Pues casi ahora sí que casi no lo utilizo Yo creo que más que nada por con los conocidos lo único que puedo o se me hace más práctico es el WhatsApp y ya envío mensaje o un sonido de voz,Sí la verdad Bueno en este caso directamente a mi familia si hubo una ocasión que les hicieron un fraude queriendo vender ahora sí que unas piezas pues Aparentemente habían hecho el depósito de del costo de la pieza y a la mera hora pues después de tres días nos dieron pues nos dijeron que no no había fue fraude todo,Falta de visibilidad,Que media confiado en una plataforma que comprarías pues posiblemente A lo mejor que fueran las ventas así como que más seguras más directas basándonos a una plataforma de confianza,Muy valioso,Pues principalmente Yo creo que más que nada dar a conocer nuestro nuestra artesanía y que es que sí es mucho la la desconfianza que existe por precisamente por lo de la los fraudes que que existen Entonces si existiera una plataforma segura Pues yo digo que lo más recomendable sería como que algo que nos asegure la compra y venta,Nada valioso,Mayor visibilidad,5,Muy dispuesto,Ve los resultados de que realmente sea una plataforma eficaz y confiable,,
88,Artesanía,,Más de 10 años,Recomendación directa,,Me cuesta trabajo atraer visitantes,Ferias,,"Ferias, De boca a boca, Recomendaciones",,FALSO,Artesanías y visitantes locales,Pocos ingresos ,En los ingresos ,Zona arqueológica muy abandonada ,Muy difícil ,No,Falta de visibilidad,La seguridad ,Neutral,Mayor  difusión ,Valioso,Recomendaciones a turistas,5,Dispuesto,La difusión ,Difusión ,Aumentar  ventas 
89,Artesanía,,Más de 10 años,Plataformas digitales,,Las plataformas digitales me ayudan,Ferias,,"Redes sociales, Plataformas, Ferias",,FALSO,Artesanías  y turismo  local ,Tranquilo ,"Si, afecta  los  ingresos ",Falta  de publicidad ,Difícil ,No,Pocos clientes,Seguridad ,Valioso,Que sea confiable ,Muy valioso,Mayor visibilidad,5,Dispuesto,Aumentar  ventas ,Apoyar  en la difusión  de los comerciantes seguridad ,Seguridad 
90,Restaurante / café,,1–3 años,Plataformas digitales,,Las plataformas digitales me ayudan,Recomendaciones,,De boca a boca,,VERDADERO,Normalmente a los Locales,Cuando son vacaciones esta lleno,"En vacaciones si hay gente, en enero hay poco gente",Falta publicidad ,No muy difícil,No,Falta de conocimientos digitales,Que sea segura,Valioso,Segura,Valioso,Perfil verificado,3,Dispuesto,Que este verificado,Seguridad,Innovadora 
91,Otro: Tiend,,4–10 años,No me promociono,,No siempre veo resultados claros,De boca a boca,,De boca a boca,,FALSO,Turistas fin de semana y locatarios entre semana,"Turistas,os en semana santa",Semana santa y vacaciones,Los lugares principales abren más problema,Dificil,No,Falta de conocimientos digitales,Sus páginas promociones,Muy valioso,Que se vea que vendo y que de diferente ofrezco,Muy valioso,Mayor visibilidad,5,Dispuesto,Que si funcionaba publicidad y ser tomado en cuenta y accesoria,Accesoria,Espero ventas
92,Otro: Artesania,,4–10 años,No me promociono,,No siempre veo resultados claros,Recomendaciones,,"Recomendaciones, Redes sociales, De boca a boca",,FALSO,"Ropa, artesanías, novedades, atiende básicamente turistas y población del mpio.","Entre semana hay regular venta, pocos turistas ","Cuandono hay vacaciones escolares, puentes, hay muy poco turista y por consiguiente ocas ventas.",En este momento les afecta el cierre de un tramo de la carretera hacia Pachuca por rehabilitación.,"Difícil, hace falta capacitación a prestadores de servicio sobre el tema","En su negocio no, pero sabe de ofrecimiento de hospedajes en cabañas en el lugar, que resultan en fraudes. ",Falta de conocimientos digitales,"Que sería algo oficial, y de confianza. ",Valioso,"Productos que ofrecen, costos reales, ubicación, num. Telefónicos, información siempre este disponible.",Valioso,Contacto directo con turistas,4,Dispuesto,"Que se refleje en aumento de ventas, incremento de turismo",Manejar información verídica.,"Honestidad, responsabilidad, seguimiento y actualización real. "
93,Artesanía,,Más de 10 años,No me promociono,,Me cuesta trabajo atraer visitantes,De boca a boca,,"Redes sociales, Recomendaciones, De boca a boca",,FALSO,Mexicanos normalmente mexicanos,Pues visitantes puede haber unos 50 o 60 clientes unos cuatro cinco ahí es temporadas semana santa y nos afecta pues no tenemos casi para convivir para comer,,Cómo exponer nuestras cosas y con invertir en piezas,Si se me hace difícil no le atendemos mucho Sí así no le entendemos mucho al teléfono y todo eso sí se,No,Falta de conocimientos digitales,Nos da confianza,Muy valioso,Que nos capacitaran que nos enseñaran,Muy valioso,Contacto directo con turistas,4,Muy dispuesto,Pues bueno muy bueno Me gustaría Sabiendo,Para qué Pero para qué es para para vender para vender para Pues sí para vender más piezas cosas,Confianza
94,Otro: Dulce artesanal,,1–3 años,Recomendación directa,,Mantener redes sociales es complicado,De boca a boca,,"De boca a boca, Ferias, Redes sociales",,FALSO,Turistas y personas locales,Cuando se venden mil pesos,En verano las vacaciones y decembrinas,Las carreteras ,No me afecta,No no tengo,Falta de conocimientos digitales,Sea confiable ,Muy valioso,Confiabilidad ,Nada valioso,Perfil verificado,5,Muy dispuesto,Más ventas,Recomendaciones,Que atraiga más turismo para derrama economica
95,Artesanía,,Más de 10 años,Redes sociales,,Las plataformas digitales me ayudan,Redes sociales,,"Redes sociales, Recomendaciones, De boca a boca",,VERDADERO,Turistas y locales,Con mucho trabajo ,Después de verano regresando a clases porque muchas personas tienen gastos por los niños,Las obras por cierre de transito,Nada,No,Falta de conocimientos digitales,Que brinden todas asesorías para promocionar más las artesanias,Muy valioso,Confiable,Muy valioso,Contacto directo con turistas,4,Dispuesto,Las mayores ventas,Más promocion de locatarios,Mayor promoción y confianza
96,Restaurante / café,,Más de 10 años,Redes sociales,,Las plataformas digitales me ayudan,Plataformas,,"Redes sociales, Plataformas, Recomendaciones",,VERDADERO,Alimentos y bebidas ,100 personas o mas,Si,"Construcción sobre vías públicas desvío de tránsito por otras vías, dando mala imagen ","No, ayuda a promover el negocio ",No,Pocos clientes,La difusión ,Muy valioso,Promoción ,Valioso,Recomendaciones a turistas,5,Muy dispuesto,Si,Promoción al restaurante ,"Publicidad, videos y en general difusión,  mayor proyección en plataforma digital "
97,Restaurante / café,,1–3 años,Otro: En Google maps,,Mantener redes sociales es complicado,Otro: Google maps,,Recomendaciones,,VERDADERO,Mucho turista,Con mucha afluencia el fin de semana,Semana santa y cacaciones,Que el negocio está escondido ,Medio es facil,No,Falta de conocimientos digitales,Que sea segura y que las personas vengan identificadas ,Muy valioso,Vistas ,Muy valioso,Contacto directo con turistas,5,Muy dispuesto,Que las ventas incrementen ,Que sea fácil de utilizar ,Rapidez 
98,Otro: Transporte,,Más de 10 años,Plataformas digitales,,Me cuesta trabajo atraer visitantes,Redes sociales,,"Redes sociales, Recomendaciones, Plataformas",,VERDADERO,Transporte,Muchos,En vacíones hay más ,Las rutas,Difícil ,No,Falta de tiempo,Que sea viable,Neutral,Que sea fácil ,Neutral,Contacto directo con turistas,3,Poco dispuesto,,,Que atraiga más clientes
99,Restaurante / café,,Menos de 1 año,Recomendación directa,,Las plataformas digitales me ayudan,De boca a boca,,"De boca a boca, Redes sociales, Recomendaciones",,VERDADERO,Alimentos y ateinde locatarios,Normal,Vaciones tiene más gente y cuando no afecta la economia,Cuando les cierran las carreteras.,Un poco dificil,Si algunos clientes no se van a gusto y ponen mala reseña,Falta de conocimientos digitales,Que los datos estén protegidos,Valioso,Actualizada,Valioso,Perfil verificado,5,Dispuesto,La seguridad,La visibilidad,Que estuviera seccionada y fuera fácil reconocer
100,Artesanía,,4–10 años,Recomendación directa,,Las plataformas digitales me ayudan,Recomendaciones,,"Recomendaciones, De boca a boca, Plataformas",,FALSO,"Artesanías, ropa artesanal, es para turista ","Es concurrido, sábados y domingos","Si, en vacaciones y si llega a afectar porque no hay ventas","Carreteras, hay pocas vialidades, no hay dónde estacionarse, los precios de otros servicios. ","No es tan complicado, pero si ayuda",No,Costos de publicidad,Por recomendaciones ,Muy valioso,"Que fuera atractiva al turista, que tuviera secciones para identificar lo que busca el turista",Muy valioso,Recomendaciones a turistas,5,Muy dispuesto,Promocionar mi negocio ,Que este seccionado y sea atractivo,"Que sea eficaz, práctica,  que este bien diseñada"
101,Artesanía,,Más de 10 años,No me promociono,,Me cuesta trabajo atraer visitantes,Ferias,,"Redes sociales, Plataformas, Ferias",,FALSO,Entonces este atendemos con buena calidad aquí de nuestros productos artesanías que hacemos nosotros personalmente y les ofrecemos a turistas nacionales y internacionales,Un día muy bueno el día que hay mucho turista pues nuestras ventas aumentan un poco teniendo mucho turismo pero cuando no pues es baja la venta un día pues no muy bueno,Pues nos afecta en economía porque nosotros dependemos de nuestro negocio aquí toda la familia de nosotros o sea mi familia depende de mi negocio cuando no hay visitante pues no no tenemos ingresos,Pues es el abandono de la zona arqueológica que está muy deteriorada Y pues le hace falta mucho mucho inversión para que la promociónen y el restauren muchas cosas que están deterioradas,No no no pues sí se me hace un poco fácil bueno dependiendo de que para aprender lo que me enseñe Pues sí sí podría yo manejar algo de de los de la ahorita y ya la actualidad toda la forma de trabajo ningún alguna herramienta que me enseñaran pues es no se me hace tan difícil,No,Falta de visibilidad,Que me alegrandeado pues no pues no así sí confianza pues no porque la primera vez que yo que me invitan a hacer una cosa de este y pues ya es depende de igualdad del gobierno que si no nos Oye y solamente así confiaría uno,Muy valioso,Confianza,Neutral,Mayor visibilidad,4,Muy dispuesto,Actualizarme en todos los aspectos para tener mejor este posibilidades de superarse uno en todos los aspectos,Pues en el apoyo de primer lugar en el apoyo económico y en segundo el que Cómo se le puede decir este promocionar más la zona arqueológica de Tula para que llegue más turista,